"year","agDistrict","agDistrictCode","county","countyANSI","acresOperated","areaOperatedAcresOperation","areaOperatedAcresOperationMedian","areaOperatedPctTotalLand","cvAcresOperated","cvAreaOperatedAcresOperation","cvAreaOperatedAcresOperationMedian","cvAreaOperatedPctTotalLand","AlleySilvoForestRiparian","areaNoTill","CropAcresOperation","cvAlleySilvoForestRiparian","cvAreaNoTillAcresOperation","cvAreaCoverCropAcresOperation","valueMachineryAssetValue","cvMachineryAssetValue","machineryAssetValueZ","avgProducerAge","avgYearsOnAnyOperation","avgYearsOnPresentOperation","cvAvgProducerAge","cvAvgYearsOnAnyOperation","cvAvgYearsOnPresentOperation","acresCroplandTreated","cvAcresCroplandTreated"
2022,"CENTRAL",50,"DELAWARE",41,130937,180,26,46.2,"8.2","8.9","(L)","(H)",14,328,100,"26.9","13.6","16.6",167021,8.8,0.189699614076689,57.1,22,20.3,1.4,3.3,3.6,80150,"9.8"
2022,"CENTRAL",50,"FAIRFIELD",45,193611,179,31,60,"8.2","8.9","(L)","(H)",13,293,105,"26.9","13.6","16.6",154656,8.8,0.00170523883727254,57.5,24.5,22.9,1.4,3.3,3.6,119677,"9.8"
2022,"CENTRAL",50,"FAYETTE",47,202425,368,63,77.8,"8.2","8.9","(L)","(H)",11,383,201,"26.9","13.6","16.6",261561,8.8,1.6270621886933,56.3,24.8,21.7,1.4,3.3,3.6,134642,"9.8"
2022,"CENTRAL",50,"FRANKLIN",49,48728,131,14,14.3,"8.2","8.9","(L)","(H)",4,186,28,"26.9","13.6","16.6",126863,8.8,-0.420852599499087,56.8,20.3,18.7,1.4,3.3,3.6,24588,"9.8"
2022,"CENTRAL",50,"KNOX",83,184283,141,52,54.8,"8.2","8.9","(L)","(H)",31,177,98,"26.9","13.6","16.6",149818,8.8,-0.0718505062018132,55.8,23.5,21.6,1.4,3.3,3.6,83627,"9.8"
2022,"CENTRAL",50,"LICKING",89,207389,135,40,47.5,"8.2","8.9","(L)","(H)",47,180,49,"26.9","13.6","16.6",129680,8.8,-0.378023634270666,56.9,21.9,20.1,1.4,3.3,3.6,88101,"9.8"
2022,"CENTRAL",50,"MADISON",97,236886,310,77,79.4,"8.2","8.9","(L)","(H)",7,339,159,"26.9","13.6","16.6",238351,8.8,1.2741831390122,57.5,24.6,21.6,1.4,3.3,3.6,160107,"9.8"
2022,"CENTRAL",50,"MARION",101,213065,357,62,82.5,"8.2","8.9","(L)","(H)",3,235,160,"(L)","13.6","16.6",320717,8.8,2.52645525473963,58.5,25.6,23.9,1.4,3.3,3.6,130290,"9.8"
2022,"CENTRAL",50,"MORROW",117,145232,177,35,55.9,"8.2","8.9","(L)","(H)",28,241,62,"26.9","13.6","16.6",174507,8.8,0.303514890505501,52.9,21.6,19.8,1.4,3.3,3.6,65829,"9.8"
2022,"CENTRAL",50,"PICKAWAY",129,283165,373,70,88.3,"8.2","8.9","(L)","(H)",7,484,247,"26.9","13.6","16.6",250407,8.8,1.45747955533944,59.1,25.1,22.3,1.4,3.3,3.6,167800,"9.8"
2022,"CENTRAL",50,"ROSS",141,270703,245,83,61.4,"8.2","8.9","(L)","(H)",24,321,114,"26.9","13.6","16.6",145474,8.8,-0.137895598481637,58.8,23.5,21.7,1.4,3.3,3.6,113600,"9.8"
2022,"CENTRAL",50,"UNION",159,216646,212,47,78.4,"8.2","8.9","(L)","(H)",9,236,115,"26.9","13.6","16.6",218112,8.8,0.966474432140336,57,24.7,22.3,1.4,3.3,3.6,131427,"9.8"
2022,"EAST CENTRAL",60,"BELMONT",13,139632,185,85,41,"8.2","8.9","(L)","(H)",12,19,19,"26.9","13.6","16.6",105649,8.8,-0.743384963132647,57.8,24.6,22.1,1.4,3.3,3.6,3948,"9.8"
2022,"EAST CENTRAL",60,"CARROLL",19,111677,137,66,44.2,"8.2","8.9","(L)","(H)",24,123,85,"26.9","13.6","16.6",112831,8.8,-0.63419162686338,56,23.9,21.9,1.4,3.3,3.6,29527,"9.8"
2022,"EAST CENTRAL",60,"COSHOCTON",31,178050,142,69,49.3,"8.2","8.9","(L)","(H)",30,120,36,"26.9","13.6","16.6",98952,8.8,-0.845204480397376,53.9,22.7,20.8,1.4,3.3,3.6,49030,"9.8"
2022,"EAST CENTRAL",60,"HARRISON",67,103742,215,95,40.3,"8.2","8.9","(L)","(H)",4,174,130,"26.9","13.6","16.6",122162,8.8,-0.492325430716272,58.2,25.2,23.3,1.4,3.3,3.6,9226,"9.8"
2022,"EAST CENTRAL",60,"HOLMES",75,184549,106,54,68.2,"8.2","8.9","(L)","(H)",46,92,42,"26.9","13.6","16.6",89124,8.8,-0.99462694055532,47.8,20.5,19,1.4,3.3,3.6,42213,"9.8"
2022,"EAST CENTRAL",60,"JEFFERSON",81,72749,134,83,27.8,"8.2","8.9","(L)","(H)",9,68,22,"26.9","13.6","16.6",107555,8.8,-0.714406614632338,58.9,24.3,23.2,1.4,3.3,3.6,5045,"9.8"
2022,"EAST CENTRAL",60,"TUSCARAWAS",157,166404,144,54,45.8,"8.2","8.9","(L)","(H)",12,139,86,"26.9","13.6","16.6",124149,8.8,-0.462115578423452,53.8,21.7,20,1.4,3.3,3.6,48341,"9.8"
2022,"NORTH CENTRAL",20,"ASHLAND",5,148742,145,55,54.9,"8.2","8.9","(L)","(H)",27,147,73,"26.9","13.6","16.6",137248,8.8,-0.262961650298818,53.6,21.8,19.4,1.4,3.3,3.6,84817,"9.8"
2022,"NORTH CENTRAL",20,"CRAWFORD",33,203784,324,82,79.2,"8.2","8.9","(L)","(H)",6,212,126,"26.9","13.6","16.6",254914,8.8,1.52600285895481,58.4,27.2,25,1.4,3.3,3.6,138284,"9.8"
2022,"NORTH CENTRAL",20,"ERIE",43,77157,243,48,47.9,"8.2","8.9","(L)","(H)",9,223,161,"26.9","13.6","16.6",283187,8.8,1.95585849754309,60.2,29.2,26.3,1.4,3.3,3.6,55630,"9.8"
2022,"NORTH CENTRAL",20,"HURON",77,224977,293,59,71.5,"8.2","8.9","(L)","(H)",12,259,133,"26.9","13.6","16.6",251950,8.8,1.48093894239924,53.9,24.1,22.4,1.4,3.3,3.6,134278,"9.8"
2022,"NORTH CENTRAL",20,"LORAIN",93,108838,122,29,34.6,"8.2","8.9","(L)","(H)",14,118,48,"26.9","13.6","16.6",125085,8.8,-0.44788486793222,56.5,23.4,21.9,1.4,3.3,3.6,59420,"9.8"
2022,"NORTH CENTRAL",20,"OTTAWA",123,119544,203,54,73.3,"8.2","8.9","(L)","(H)",3,241,194,"(L)","13.6","16.6",183936,8.8,0.446871054204042,57.6,24,22.4,1.4,3.3,3.6,NA,"(D)"
2022,"NORTH CENTRAL",20,"RICHLAND",139,159053,148,48,50.2,"8.2","8.9","(L)","(H)",24,140,51,"26.9","13.6","16.6",152921,8.8,-0.0246732683232925,52.3,21.2,19.4,1.4,3.3,3.6,85356,"9.8"
2022,"NORTH CENTRAL",20,"SANDUSKY",143,156656,208,66,59.9,"8.2","8.9","(L)","(H)",6,172,138,"26.9","13.6","16.6",198644,8.8,0.670487816923114,56.2,24.4,22.6,1.4,3.3,3.6,106343,"9.8"
2022,"NORTH CENTRAL",20,"SENECA",147,233145,216,78,66.1,"8.2","8.9","(L)","(H)",11,163,143,"26.9","13.6","16.6",191341,8.8,0.559454826840344,57.9,27.4,24.8,1.4,3.3,3.6,153851,"9.8"
2022,"NORTH CENTRAL",20,"WYANDOT",175,214021,318,72,82.2,"8.2","8.9","(L)","(H)",4,318,152,"26.9","13.6","16.6",230248,8.8,1.15098714850957,58.6,27.7,25.1,1.4,3.3,3.6,135642,"9.8"
2022,"NORTHEAST",30,"ASHTABULA",7,134274,130,45,29.9,"8.2","8.9","(L)","(H)",27,60,19,"26.9","13.6","16.6",105959,8.8,-0.738671800469953,56.2,21.4,19.8,1.4,3.3,3.6,49389,"9.8"
2022,"NORTHEAST",30,"COLUMBIANA",29,153993,136,52,45.2,"8.2","8.9","(L)","(H)",26,155,67,"26.9","13.6","16.6",148197,8.8,-0.0964957858025486,55.6,24.6,22.3,1.4,3.3,3.6,67067,"9.8"
2022,"NORTHEAST",30,"CUYAHOGA",35,1564,15,11,0.5,"8.2","8.9","(L)","(H)",11,4,NA,"26.9","13.6","(D)",51752,8.8,-1.56282150516894,57.3,18.5,17.4,1.4,3.3,3.6,NA,"(D)"
2022,"NORTHEAST",30,"GEAUGA",55,66881,59,25,26.1,"8.2","8.9","(L)","(H)",29,44,9,"26.9","13.6","16.6",64296,8.8,-1.37210565858558,54.2,21.3,19.4,1.4,3.3,3.6,12385,"9.8"
2022,"NORTHEAST",30,"LAKE",85,13886,57,26,9.5,"8.2","8.9","(L)","(H)",13,4,11,"26.9","13.6","16.6",101677,8.8,-0.803774260217238,59,22.7,21.4,1.4,3.3,3.6,5432,"9.8"
2022,"NORTHEAST",30,"MAHONING",99,71023,107,38,27,"8.2","8.9","(L)","(H)",13,135,30,"26.9","13.6","16.6",150892,8.8,-0.055521678138155,55.5,22.9,21,1.4,3.3,3.6,33993,"9.8"
2022,"NORTHEAST",30,"MEDINA",103,100579,100,26,37.3,"8.2","8.9","(L)","(H)",22,107,55,"26.9","13.6","16.6",107210,8.8,-0.719651908563401,55.3,21.3,19.7,1.4,3.3,3.6,52694,"9.8"
2022,"NORTHEAST",30,"PORTAGE",133,85762,93,28,27.5,"8.2","8.9","(L)","(H)",31,71,36,"26.9","13.6","16.6",100485,8.8,-0.821897130842825,56.3,22,20.1,1.4,3.3,3.6,31752,"9.8"
2022,"NORTHEAST",30,"STARK",151,125207,87,23,34,"8.2","8.9","(L)","(H)",27,80,42,"26.9","13.6","16.6",116923,8.8,-0.571977879715811,55.5,22.2,20.5,1.4,3.3,3.6,58505,"9.8"
2022,"NORTHEAST",30,"SUMMIT",153,15108,37,14,5.7,"8.2","8.9","(L)","(H)",26,32,9,"26.9","13.6","16.6",56847,8.8,-1.48535839624498,57.1,21.6,20.4,1.4,3.3,3.6,3183,"9.8"
2022,"NORTHEAST",30,"TRUMBULL",155,113107,120,45,28.6,"8.2","8.9","(L)","(H)",16,78,20,"26.9","13.6","16.6",128531,8.8,-0.395492743623685,56.1,22.1,20.2,1.4,3.3,3.6,54112,"9.8"
2022,"NORTHEAST",30,"WAYNE",169,259339,124,39,73,"8.2","8.9","(L)","(H)",29,109,67,"26.9","13.6","16.6",168104,8.8,0.20616527589507,51.1,21.8,19.6,1.4,3.3,3.6,135537,"9.8"
2022,"NORTHWEST",10,"ALLEN",3,178921,199,53,69.5,"8.2","8.9","(L)","(H)",6,173,112,"26.9","13.6","16.6",184431,8.8,0.454396910713828,56.6,24.9,22.7,1.4,3.3,3.6,121283,"9.8"
2022,"NORTHWEST",10,"DEFIANCE",39,206426,228,64,78.4,"8.2","8.9","(L)","(H)",6,241,141,"26.9","13.6","16.6",151265,8.8,-0.0498506791923967,57.8,25.5,23.9,1.4,3.3,3.6,125599,"9.8"
2022,"NORTHWEST",10,"FULTON",51,211588,266,62,81.5,"8.2","8.9","(L)","(H)",11,265,131,"26.9","13.6","16.6",244667,8.8,1.37021002732697,57.5,25.9,24,1.4,3.3,3.6,157107,"9.8"
2022,"NORTHWEST",10,"HANCOCK",63,249468,251,76,73.4,"8.2","8.9","(L)","(H)",7,194,183,"26.9","13.6","16.6",220642,8.8,1.00493992096813,57.7,24.1,22,1.4,3.3,3.6,168024,"9.8"
2022,"NORTHWEST",10,"HENRY",69,243932,257,77,91.6,"8.2","8.9","(L)","(H)",16,227,111,"26.9","13.6","16.6",233027,8.8,1.19323837121805,58,27.2,25.2,1.4,3.3,3.6,176061,"9.8"
2022,"NORTHWEST",10,"LUCAS",95,76149,209,35,34.9,"8.2","8.9","(L)","(H)",4,222,89,"26.9","13.6","16.6",170410,8.8,0.241225124605308,55.3,22,20.5,1.4,3.3,3.6,54406,"9.8"
2022,"NORTHWEST",10,"PAULDING",125,206880,313,71,77.6,"8.2","8.9","(L)","(H)",13,271,110,"26.9","13.6","16.6",240920,8.8,1.31324157411046,59.3,27.3,25.1,1.4,3.3,3.6,NA,"(D)"
2022,"NORTHWEST",10,"PUTNAM",137,306504,208,83,99.3,"8.2","8.9","(L)","(H)",8,165,137,"26.9","13.6","16.6",221246,8.8,1.01412298628513,55.7,26.1,24,1.4,3.3,3.6,213926,"9.8"
2022,"NORTHWEST",10,"VAN WERT",161,226530,307,88,86.5,"8.2","8.9","(L)","(H)",NA,288,145,NA,"13.6","16.6",275558,8.8,1.83986908478922,57.3,25.9,24.2,1.4,3.3,3.6,148357,"9.8"
2022,"NORTHWEST",10,"WILLIAMS",171,235001,289,69,87.2,"8.2","8.9","(L)","(H)",9,256,163,"26.9","13.6","16.6",197518,8.8,0.653368393832165,58.5,24.9,22.7,1.4,3.3,3.6,134488,"9.8"
2022,"NORTHWEST",10,"WOOD",173,250260,217,60,63.4,"8.2","8.9","(L)","(H)",4,218,105,"26.9","13.6","16.6",198138,8.8,0.662794719157555,58.6,25.7,23.8,1.4,3.3,3.6,159271,"9.8"
2022,"SOUTH CENTRAL",80,"ADAMS",1,170805,155,74,45.7,"8.2","8.9","(L)","(H)",19,103,59,"26.9","13.6","16.6",93336,8.8,-0.930588743344773,58.6,25.6,23.5,1.4,3.3,3.6,44423,"9.8"
2022,"SOUTH CENTRAL",80,"BROWN",15,177509,161,74,56.6,"8.2","8.9","(L)","(H)",24,173,77,"26.9","13.6","16.6",127840,8.8,-0.405998535236337,57.6,24.9,22.4,1.4,3.3,3.6,83691,"9.8"
2022,"SOUTH CENTRAL",80,"GALLIA",53,101469,132,80,34,"8.2","8.9","(L)","(H)",15,90,32,"26.9","13.6","16.6",81469,8.8,-1.11101165082283,56.7,25.3,23.4,1.4,3.3,3.6,12612,"9.8"
2022,"SOUTH CENTRAL",80,"HIGHLAND",71,227859,192,66,64.4,"8.2","8.9","(L)","(H)",21,269,104,"26.9","13.6","16.6",152730,8.8,-0.0275771846735334,56.4,23,20.7,1.4,3.3,3.6,117813,"9.8"
2022,"SOUTH CENTRAL",80,"JACKSON",79,66565,126,70,24.7,"8.2","8.9","(L)","(H)",10,64,23,"26.9","13.6","16.6",71290,8.8,-1.26577062741498,58.3,23.5,22.4,1.4,3.3,3.6,6621,"9.8"
2022,"SOUTH CENTRAL",80,"LAWRENCE",87,51104,119,80,17.6,"8.2","8.9","(L)","(H)",4,31,16,"26.9","13.6","16.6",72950,8.8,-1.24053240154378,58.3,24.6,23.6,1.4,3.3,3.6,2729,"9.8"
2022,"SOUTH CENTRAL",80,"PIKE",131,87549,183,85,31.1,"8.2","8.9","(L)","(H)",10,176,25,"26.9","13.6","16.6",112583,8.8,-0.637962156993536,57,24.6,22.3,1.4,3.3,3.6,20415,"9.8"
2022,"SOUTH CENTRAL",80,"SCIOTO",145,81126,139,68,20.8,"8.2","8.9","(L)","(H)",7,200,50,"26.9","13.6","16.6",100614,8.8,-0.819935847025123,58.2,21.5,20.1,1.4,3.3,3.6,17213,"9.8"
2022,"SOUTHEAST",90,"ATHENS",9,106866,161,86,33.2,"8.2","8.9","(L)","(H)",22,79,45,"26.9","13.6","16.6",75785,8.8,-1.19742976880591,59.6,24.8,22.5,1.4,3.3,3.6,8723,"9.8"
2022,"SOUTHEAST",90,"GUERNSEY",59,147625,140,74,44.2,"8.2","8.9","(L)","(H)",15,64,46,"26.9","13.6","16.6",91781,8.8,-0.95423057541087,58,24.3,22.3,1.4,3.3,3.6,9421,"9.8"
2022,"SOUTHEAST",90,"HOCKING",73,40976,91,61,15.2,"8.2","8.9","(L)","(H)",18,76,15,"26.9","13.6","16.6",63612,8.8,-1.38250502394456,58.9,21.3,20,1.4,3.3,3.6,4136,"9.8"
2022,"SOUTHEAST",90,"MEIGS",105,63118,134,96,22.9,"8.2","8.9","(L)","(H)",13,111,9,"26.9","13.6","16.6",82970,8.8,-1.08819082128507,58,25,23.1,1.4,3.3,3.6,4837,"9.8"
2022,"SOUTHEAST",90,"MONROE",111,99313,136,90,34.1,"8.2","8.9","(L)","(H)",20,26,22,"26.9","13.6","16.6",98487,8.8,-0.852274224391418,57.8,25,23.4,1.4,3.3,3.6,6194,"9.8"
2022,"SOUTHEAST",90,"MORGAN",115,93381,164,82,35,"8.2","8.9","(L)","(H)",18,69,26,"26.9","13.6","16.6",101916,8.8,-0.800140563841806,55.6,23.7,22.1,1.4,3.3,3.6,10982,"9.8"
2022,"SOUTHEAST",90,"MUSKINGUM",119,200805,154,70,47.2,"8.2","8.9","(L)","(H)",16,102,48,"26.9","13.6","16.6",104078,8.8,-0.767270055207142,56.9,24,22.4,1.4,3.3,3.6,41355,"9.8"
2022,"SOUTHEAST",90,"NOBLE",121,98064,165,100,38.5,"8.2","8.9","(L)","(H)",13,35,25,"26.9","13.6","16.6",90898,8.8,-0.967655487124287,56.3,27.3,25.9,1.4,3.3,3.6,2951,"9.8"
2022,"SOUTHEAST",90,"PERRY",127,76325,110,50,29.2,"8.2","8.9","(L)","(H)",23,89,27,"26.9","13.6","16.6",88576,8.8,-1.00295859584292,53.6,23.2,20.7,1.4,3.3,3.6,24513,"9.8"
2022,"SOUTHEAST",90,"VINTON",163,34112,140,70,12.9,"8.2","8.9","(L)","(H)",8,36,NA,"26.9","13.6","(D)",69183,8.8,-1.29780492977078,53.9,18.4,15.5,1.4,3.3,3.6,1645,"9.8"
2022,"SOUTHEAST",90,"WASHINGTON",167,147070,135,80,36.4,"8.2","8.9","(L)","(H)",28,97,42,"26.9","13.6","16.6",80538,8.8,-1.12516634256144,56.5,25.1,23.1,1.4,3.3,3.6,26536,"9.8"
2022,"SOUTHWEST",70,"BUTLER",17,93238,105,37,31.2,"8.2","8.9","(L)","(H)",22,136,57,"26.9","13.6","16.6",105861,8.8,-0.740161768021385,58.7,22.9,21.1,1.4,3.3,3.6,42852,"9.8"
2022,"SOUTHWEST",70,"CLERMONT",25,85840,105,26,29.7,"8.2","8.9","(L)","(H)",32,273,18,"26.9","13.6","16.6",93008,8.8,-0.935575573516914,59,21.4,20,1.4,3.3,3.6,30422,"9.8"
2022,"SOUTHWEST",70,"CLINTON",27,241315,306,60,92.3,"8.2","8.9","(L)","(H)",8,318,138,"(L)","13.6","16.6",269393,8.8,1.7461379628037,57.6,23.8,22,1.4,3.3,3.6,168029,"9.8"
2022,"SOUTHWEST",70,"GREENE",57,156287,174,25,59,"8.2","8.9","(L)","(H)",26,210,43,"26.9","13.6","16.6",156753,8.8,0.0335875036878229,59.1,22.6,20.3,1.4,3.3,3.6,97937,"9.8"
2022,"SOUTHWEST",70,"HAMILTON",61,18884,59,22,7.3,"8.2","8.9","(L)","(H)",1,35,18,"26.9","13.6","16.6",79548,8.8,-1.14021805558101,59.6,25.1,23.6,1.4,3.3,3.6,4230,"9.8"
2022,"SOUTHWEST",70,"MONTGOMERY",113,118582,150,24,40.1,"8.2","8.9","(L)","(H)",13,204,100,"26.9","13.6","16.6",129251,8.8,-0.384546043245814,58.9,24.3,21.8,1.4,3.3,3.6,75589,"9.8"
2022,"SOUTHWEST",70,"PREBLE",135,213053,204,55,78.5,"8.2","8.9","(L)","(H)",10,243,109,"26.9","13.6","16.6",183586,8.8,0.441549741520354,56.3,24,21.5,1.4,3.3,3.6,137954,"9.8"
2022,"SOUTHWEST",70,"WARREN",165,101621,117,22,39.6,"8.2","8.9","(L)","(H)",20,161,69,"26.9","13.6","16.6",116888,8.8,-0.57251001098418,58.6,20.9,19.5,1.4,3.3,3.6,48263,"9.8"
2022,"WEST CENTRAL",40,"AUGLAIZE",11,231815,229,80,90.2,"8.2","8.9","(L)","(H)",3,217,118,"(L)","13.6","16.6",231628,8.8,1.17196832423382,56.5,25.5,23.4,1.4,3.3,3.6,149579,"9.8"
2022,"WEST CENTRAL",40,"CHAMPAIGN",21,217289,259,57,79.2,"8.2","8.9","(L)","(H)",11,370,94,"26.9","13.6","16.6",223952,8.8,1.05526433520529,57.5,24.8,22.1,1.4,3.3,3.6,144759,"9.8"
2022,"WEST CENTRAL",40,"CLARK",23,170922,205,32,67.2,"8.2","8.9","(L)","(H)",7,294,88,"26.9","13.6","16.6",176894,8.8,0.33980624300825,56.7,22.2,19.8,1.4,3.3,3.6,109397,"9.8"
2022,"WEST CENTRAL",40,"DARKE",37,366642,208,57,95.8,"8.2","8.9","(L)","(H)",10,216,94,"26.9","13.6","16.6",223154,8.8,1.04313174228649,55.7,26.3,24.5,1.4,3.3,3.6,237452,"9.8"
2022,"WEST CENTRAL",40,"HARDIN",65,243914,341,70,81,"8.2","8.9","(L)","(H)",8,350,241,"26.9","13.6","16.6",273969,8.8,1.81571032520528,57.7,26,24.3,1.4,3.3,3.6,143479,"9.8"
2022,"WEST CENTRAL",40,"LOGAN",91,204656,209,45,69.8,"8.2","8.9","(L)","(H)",8,224,122,"26.9","13.6","16.6",173190,8.8,0.283491551064311,56.3,24.9,22.5,1.4,3.3,3.6,122917,"9.8"
2022,"WEST CENTRAL",40,"MERCER",107,270984,210,80,91.6,"8.2","8.9","(L)","(H)",9,205,118,"26.9","13.6","16.6",274671,8.8,1.82638335807371,54,25.6,23.9,1.4,3.3,3.6,181081,"9.8"
2022,"WEST CENTRAL",40,"MIAMI",109,166746,144,30,64.1,"8.2","8.9","(L)","(H)",14,205,67,"26.9","13.6","16.6",143952,8.8,-0.161035706780415,54.5,20.9,19,1.4,3.3,3.6,111577,"9.8"
2022,"WEST CENTRAL",40,"SHELBY",149,210745,226,82,80.8,"8.2","8.9","(L)","(H)",5,231,121,"26.9","13.6","16.6",237766,8.8,1.26528894495517,55.6,25.8,23.8,1.4,3.3,3.6,138054,"9.8"
2017,"CENTRAL",50,"DELAWARE",41,132875,165,30,NA,"13.9","17.2","(L)",NA,14,209,123,"(H)","20.0","36.3",130793,15.7,0.0295998538038061,57,22.9,21,4.8,11.4,12.1,79985,"16.0"
2017,"CENTRAL",50,"FAIRFIELD",45,188407,169,37,NA,"13.9","17.2","(L)",NA,21,245,85,"(H)","20.0","36.3",121720,15.7,-0.134844144591988,56.7,22.7,21.2,4.8,11.4,12.1,118283,"16.0"
2017,"CENTRAL",50,"FAYETTE",47,204254,416,61,NA,"13.9","17.2","(L)",NA,1,568,92,"(H)","20.0","36.3",259936,15.7,2.37025799166649,56.7,26,23,4.8,11.4,12.1,138429,"16.0"
2017,"CENTRAL",50,"FRANKLIN",49,52356,128,15,NA,"13.9","17.2","(L)",NA,11,181,9,"(H)","20.0","36.3",106842,15.7,-0.404501127743386,56.9,20.6,19.4,4.8,11.4,12.1,32041,"16.0"
2017,"CENTRAL",50,"KNOX",83,194445,145,48,NA,"13.9","17.2","(L)",NA,29,202,133,"(H)","20.0","36.3",110224,15.7,-0.343203915952955,55,23.3,20.8,4.8,11.4,12.1,96539,"16.0"
2017,"CENTRAL",50,"LICKING",89,220486,139,38,NA,"13.9","17.2","(L)",NA,29,148,43,"(H)","20.0","36.3",120427,15.7,-0.158279181506544,56.7,22.5,20.5,4.8,11.4,12.1,97070,"16.0"
2017,"CENTRAL",50,"MADISON",97,252392,320,66,NA,"13.9","17.2","(L)",NA,5,410,126,"(H)","20.0","36.3",215221,15.7,1.55981895405291,56.6,23.2,20.3,4.8,11.4,12.1,175530,"16.0"
2017,"CENTRAL",50,"MARION",101,203860,331,71,NA,"13.9","17.2","(L)",NA,2,273,139,"(H)","20.0","36.3",231900,15.7,1.86211824306905,57,24.7,23,4.8,11.4,12.1,128359,"16.0"
2017,"CENTRAL",50,"MORROW",117,165235,191,40,NA,"13.9","17.2","(L)",NA,11,239,140,"(H)","20.0","36.3",132894,15.7,0.0676795232218116,53.2,21.4,19.2,4.8,11.4,12.1,91346,"16.0"
2017,"CENTRAL",50,"PICKAWAY",129,296988,369,71,NA,"13.9","17.2","(L)",NA,9,447,113,"(H)","20.0","36.3",220849,15.7,1.66182389431209,58,25.4,22.7,4.8,11.4,12.1,203076,"16.0"
2017,"CENTRAL",50,"ROSS",141,247903,221,70,NA,"13.9","17.2","(L)",NA,18,285,64,"(H)","20.0","36.3",105244,15.7,-0.43346415093709,58.6,24.2,21.9,4.8,11.4,12.1,93430,"16.0"
2017,"CENTRAL",50,"UNION",159,217604,218,48,NA,"13.9","17.2","(L)",NA,8,262,127,"(H)","20.0","36.3",191902,15.7,1.13717268505792,56.7,24.8,23,4.8,11.4,12.1,137996,"16.0"
2017,"EAST CENTRAL",60,"BELMONT",13,129364,172,88,NA,"13.9","17.2","(L)",NA,18,23,26,"(H)","20.0","36.3",94858,15.7,-0.621705677150991,56.6,21.7,19.7,4.8,11.4,12.1,8638,"16.0"
2017,"EAST CENTRAL",60,"CARROLL",19,110672,125,60,NA,"13.9","17.2","(L)",NA,8,98,56,"(H)","20.0","36.3",97626,15.7,-0.571536936099568,56.2,23.5,20.9,4.8,11.4,12.1,32131,"16.0"
2017,"EAST CENTRAL",60,"COSHOCTON",31,182555,153,78,NA,"13.9","17.2","(L)",NA,34,118,50,"(H)","20.0","36.3",97607,15.7,-0.571881302457942,54.4,22.5,20.7,4.8,11.4,12.1,58103,"16.0"
2017,"EAST CENTRAL",60,"HARRISON",67,99340,217,97,NA,"13.9","17.2","(L)",NA,9,109,NA,"(H)","20.0","(D)",97439,15.7,-0.574926226047768,57.4,24.4,22.4,4.8,11.4,12.1,8569,"16.0"
2017,"EAST CENTRAL",60,"HOLMES",75,173925,104,64,NA,"13.9","17.2","(L)",NA,33,92,37,"(H)","20.0","36.3",82807,15.7,-0.840124571085491,47.4,20.2,18.8,4.8,11.4,12.1,51077,"16.0"
2017,"EAST CENTRAL",60,"JEFFERSON",81,76987,129,80,NA,"13.9","17.2","(L)",NA,14,46,18,"(H)","20.0","36.3",80469,15.7,-0.882499757710573,56.4,23.2,21.8,4.8,11.4,12.1,5650,"16.0"
2017,"EAST CENTRAL",60,"TUSCARAWAS",157,143836,125,54,NA,"13.9","17.2","(L)",NA,15,123,103,"(H)","20.0","36.3",100450,15.7,-0.520353220518204,54.3,22.3,20.7,4.8,11.4,12.1,47376,"16.0"
2017,"NORTH CENTRAL",20,"ASHLAND",5,160698,143,58,NA,"13.9","17.2","(L)",NA,28,104,63,"(H)","20.0","36.3",100864,15.7,-0.512849658814703,52.7,21.4,19,4.8,11.4,12.1,84505,"16.0"
2017,"NORTH CENTRAL",20,"CRAWFORD",33,238233,331,85,NA,"13.9","17.2","(L)",NA,2,291,93,"(H)","20.0","36.3",242518,15.7,2.05456466376414,56.7,27.1,25.4,4.8,11.4,12.1,171481,"16.0"
2017,"NORTH CENTRAL",20,"ERIE",43,86440,226,51,NA,"13.9","17.2","(L)",NA,9,223,115,"(H)","20.0","36.3",176619,15.7,0.860175261109623,57.4,25.9,24.1,4.8,11.4,12.1,63887,"16.0"
2017,"NORTH CENTRAL",20,"HURON",77,240519,297,66,NA,"13.9","17.2","(L)",NA,9,245,124,"(H)","20.0","36.3",226973,15.7,1.77281860897933,53.8,24.5,22.4,4.8,11.4,12.1,149958,"16.0"
2017,"NORTH CENTRAL",20,"LORAIN",93,125721,126,30,NA,"13.9","17.2","(L)",NA,16,139,51,"(H)","20.0","36.3",118302,15.7,-0.19679384000881,55.1,23.3,21.5,4.8,11.4,12.1,64826,"16.0"
2017,"NORTH CENTRAL",20,"OTTAWA",123,121498,221,60,NA,"13.9","17.2","(L)",NA,6,260,145,"(H)","20.0","36.3",173655,15.7,0.806454109203403,56.4,24.5,23.2,4.8,11.4,12.1,65332,"16.0"
2017,"NORTH CENTRAL",20,"RICHLAND",139,155844,134,52,NA,"13.9","17.2","(L)",NA,17,127,42,"(H)","20.0","36.3",108319,15.7,-0.377731174516164,52.1,21.4,19.6,4.8,11.4,12.1,72007,"16.0"
2017,"NORTH CENTRAL",20,"SANDUSKY",143,178761,233,77,NA,"13.9","17.2","(L)",NA,11,214,91,"(H)","20.0","36.3",177118,15.7,0.869219409153214,54.4,25.1,23,4.8,11.4,12.1,122562,"16.0"
2017,"NORTH CENTRAL",20,"SENECA",147,266896,231,80,NA,"13.9","17.2","(L)",NA,13,193,140,"(H)","20.0","36.3",176787,15.7,0.863220184699449,55.1,25.6,23.5,4.8,11.4,12.1,181447,"16.0"
2017,"NORTH CENTRAL",20,"WYANDOT",175,224603,346,85,NA,"13.9","17.2","(L)",NA,4,260,119,"(H)","20.0","36.3",226523,15.7,1.76466256364944,57.7,28,26.1,4.8,11.4,12.1,146443,"16.0"
2017,"NORTHEAST",30,"ASHTABULA",7,153654,127,48,NA,"13.9","17.2","(L)",NA,22,78,22,"(H)","20.0","36.3",92598,15.7,-0.662667149252225,56.9,23.3,21.6,4.8,11.4,12.1,63555,"16.0"
2017,"NORTHEAST",30,"COLUMBIANA",29,142422,116,46,NA,"13.9","17.2","(L)",NA,40,122,62,"(H)","20.0","36.3",98981,15.7,-0.546978177384006,54.9,22.5,20.8,4.8,11.4,12.1,63568,"16.0"
2017,"NORTHEAST",30,"CUYAHOGA",35,2248,20,5,NA,"13.9","17.2","(L)",NA,4,4,NA,"(H)","20.0","(D)",57328,15.7,-1.30191985766396,55.3,18.4,17.6,4.8,11.4,12.1,301,"16.0"
2017,"NORTHEAST",30,"GEAUGA",55,69907,67,27,NA,"13.9","17.2","(L)",NA,21,61,10,"(H)","20.0","36.3",60589,15.7,-1.24281571584001,53,20.3,19,4.8,11.4,12.1,15310,"16.0"
2017,"NORTHEAST",30,"LAKE",85,13098,61,21,NA,"13.9","17.2","(L)",NA,NA,17,12,NA,"20.0","36.3",101442,15.7,-0.502373671702087,59.8,23.2,21.9,4.8,11.4,12.1,4323,"16.0"
2017,"NORTHEAST",30,"MAHONING",99,74560,96,35,NA,"13.9","17.2","(L)",NA,11,85,26,"(H)","20.0","36.3",101413,15.7,-0.502899283512235,56.2,24.1,21.7,4.8,11.4,12.1,36585,"16.0"
2017,"NORTHEAST",30,"MEDINA",103,99325,86,22,NA,"13.9","17.2","(L)",NA,16,100,27,"(H)","20.0","36.3",80359,15.7,-0.884493457680102,55.9,22,20.5,4.8,11.4,12.1,51511,"16.0"
2017,"NORTHEAST",30,"PORTAGE",133,85877,77,30,NA,"13.9","17.2","(L)",NA,28,95,57,"(H)","20.0","36.3",74045,15.7,-0.998931835931072,55.5,20.9,19.5,4.8,11.4,12.1,39267,"16.0"
2017,"NORTHEAST",30,"STARK",151,132896,86,23,NA,"13.9","17.2","(L)",NA,26,108,40,"(H)","20.0","36.3",89768,15.7,-0.713959612104655,55.8,22.3,20.8,4.8,11.4,12.1,65950,"16.0"
2017,"NORTHEAST",30,"SUMMIT",153,18752,48,14,NA,"13.9","17.2","(L)",NA,11,58,10,"(H)","20.0","36.3",54610,15.7,-1.35118237145651,57.9,21.9,20.6,4.8,11.4,12.1,5880,"16.0"
2017,"NORTHEAST",30,"TRUMBULL",155,123654,119,47,NA,"13.9","17.2","(L)",NA,16,91,33,"(H)","20.0","36.3",108297,15.7,-0.378129914510069,56.4,23.5,21.1,4.8,11.4,12.1,57331,"16.0"
2017,"NORTHEAST",30,"WAYNE",169,251996,124,40,NA,"13.9","17.2","(L)",NA,28,104,58,"(H)","20.0","36.3",116845,15.7,-0.223201302332482,49.7,20.7,18.3,4.8,11.4,12.1,138009,"16.0"
2017,"NORTHWEST",10,"ALLEN",3,186623,218,71,NA,"13.9","17.2","(L)",NA,12,197,92,"(H)","20.0","36.3",163584,15.7,0.623921814720427,56.5,26.6,24.7,4.8,11.4,12.1,134207,"16.0"
2017,"NORTHWEST",10,"DEFIANCE",39,228465,252,77,NA,"13.9","17.2","(L)",NA,7,269,137,"(H)","20.0","36.3",147092,15.7,0.325011815652484,56.9,26.1,24.5,4.8,11.4,12.1,128931,"16.0"
2017,"NORTHWEST",10,"FULTON",51,196306,250,71,NA,"13.9","17.2","(L)",NA,11,198,120,"(H)","20.0","36.3",191817,15.7,1.13563209871783,56.1,25.6,23.5,4.8,11.4,12.1,144810,"16.0"
2017,"NORTHWEST",10,"HANCOCK",63,240017,271,80,NA,"13.9","17.2","(L)",NA,8,209,141,"(H)","20.0","36.3",184379,15.7,1.00082173168731,56.5,25.6,23.5,4.8,11.4,12.1,154978,"16.0"
2017,"NORTHWEST",10,"HENRY",69,234876,279,83,NA,"13.9","17.2","(L)",NA,12,242,117,"(H)","20.0","36.3",211986,15.7,1.50118605040358,56.9,26.5,24.8,4.8,11.4,12.1,166734,"16.0"
2017,"NORTHWEST",10,"LUCAS",95,65558,170,28,NA,"13.9","17.2","(L)",NA,14,170,87,"(H)","20.0","36.3",157847,15.7,0.519941299036896,56,22.8,21.3,4.8,11.4,12.1,49518,"16.0"
2017,"NORTHWEST",10,"PAULDING",125,219663,353,102,NA,"13.9","17.2","(L)",NA,4,274,196,"(H)","20.0","36.3",220491,15.7,1.65533530713853,57.6,27.4,25.6,4.8,11.4,12.1,129918,"16.0"
2017,"NORTHWEST",10,"PUTNAM",137,304862,228,110,NA,"13.9","17.2","(L)",NA,6,183,130,"(H)","20.0","36.3",186197,15.7,1.03377215482007,57.1,28.1,26.2,4.8,11.4,12.1,213799,"16.0"
2017,"NORTHWEST",10,"VAN WERT",161,248341,322,89,NA,"13.9","17.2","(L)",NA,9,295,146,"(H)","20.0","36.3",215085,15.7,1.55735401590877,55.8,26,24.4,4.8,11.4,12.1,177288,"16.0"
2017,"NORTHWEST",10,"WILLIAMS",171,210592,239,77,NA,"13.9","17.2","(L)",NA,7,244,182,"(H)","20.0","36.3",145441,15.7,0.29508819156437,58.7,26.4,24.4,4.8,11.4,12.1,136100,"16.0"
2017,"NORTHWEST",10,"WOOD",173,268767,251,57,NA,"13.9","17.2","(L)",NA,14,239,132,"(H)","20.0","36.3",171875,15.7,0.774192418787387,56.9,25.7,24.1,4.8,11.4,12.1,178505,"16.0"
2017,"SOUTH CENTRAL",80,"ADAMS",1,165947,139,59,NA,"13.9","17.2","(L)",NA,24,112,82,"(H)","20.0","36.3",76734,15.7,-0.950194933948674,57.6,24.4,22.2,4.8,11.4,12.1,53014,"16.0"
2017,"SOUTH CENTRAL",80,"BROWN",15,207957,168,68,NA,"13.9","17.2","(L)",NA,17,223,83,"(H)","20.0","36.3",124535,15.7,-0.0838235499172214,57.4,24.5,22.2,4.8,11.4,12.1,115317,"16.0"
2017,"SOUTH CENTRAL",80,"GALLIA",53,118630,120,75,NA,"13.9","17.2","(L)",NA,19,148,34,"(H)","20.0","36.3",67632,15.7,-1.11516454415462,55.4,23,20.9,4.8,11.4,12.1,13459,"16.0"
2017,"SOUTH CENTRAL",80,"HIGHLAND",71,287973,230,70,NA,"13.9","17.2","(L)",NA,11,332,78,"(H)","20.0","36.3",136788,15.7,0.138256502143141,55.3,23,20.9,4.8,11.4,12.1,152840,"16.0"
2017,"SOUTH CENTRAL",80,"JACKSON",79,67446,133,70,NA,"13.9","17.2","(L)",NA,4,70,24,"(H)","20.0","36.3",62710,15.7,-1.20437355551846,55.7,21.9,20.5,4.8,11.4,12.1,8672,"16.0"
2017,"SOUTH CENTRAL",80,"LAWRENCE",87,62009,117,84,NA,"13.9","17.2","(L)",NA,3,49,7,"(H)","20.0","36.3",57780,15.7,-1.29372756324371,58.1,25.7,23.4,4.8,11.4,12.1,3497,"16.0"
2017,"SOUTH CENTRAL",80,"PIKE",131,97809,191,85,NA,"13.9","17.2","(L)",NA,15,298,81,"(H)","20.0","36.3",87790,15.7,-0.749809962465824,55.4,23.5,21.9,4.8,11.4,12.1,33913,"16.0"
2017,"SOUTH CENTRAL",80,"SCIOTO",145,91414,133,64,NA,"13.9","17.2","(L)",NA,11,219,32,"(H)","20.0","36.3",89131,15.7,-0.725504947382746,57,23.9,21.5,4.8,11.4,12.1,25490,"16.0"
2017,"SOUTHEAST",90,"ATHENS",9,98742,144,75,NA,"13.9","17.2","(L)",NA,33,83,31,"(H)","20.0","36.3",56167,15.7,-1.32296245461508,57.8,24.7,21.6,4.8,11.4,12.1,9537,"16.0"
2017,"SOUTHEAST",90,"GUERNSEY",59,151837,138,78,NA,"13.9","17.2","(L)",NA,10,68,82,"(H)","20.0","36.3",71042,15.7,-1.05335984509922,57.6,24.2,22.6,4.8,11.4,12.1,17085,"16.0"
2017,"SOUTHEAST",90,"HOCKING",73,38357,102,56,NA,"13.9","17.2","(L)",NA,8,75,10,"(H)","20.0","36.3",55840,15.7,-1.32888918088814,58.4,21.4,20.1,4.8,11.4,12.1,4387,"16.0"
2017,"SOUTHEAST",90,"MEIGS",105,78449,152,95,NA,"13.9","17.2","(L)",NA,24,95,21,"(H)","20.0","36.3",92831,15.7,-0.658444130225859,54.8,22.8,21.3,4.8,11.4,12.1,15360,"16.0"
2017,"SOUTHEAST",90,"MONROE",111,107724,133,93,NA,"13.9","17.2","(L)",NA,16,24,18,"(H)","20.0","36.3",79164,15.7,-0.906152289167259,57.6,24.6,23.1,4.8,11.4,12.1,7382,"16.0"
2017,"SOUTHEAST",90,"MORGAN",115,99210,187,101,NA,"13.9","17.2","(L)",NA,15,90,20,"(H)","20.0","36.3",88037,15.7,-0.745333199806972,54.7,22.5,20.2,4.8,11.4,12.1,11230,"16.0"
2017,"SOUTHEAST",90,"MUSKINGUM",119,189022,150,70,NA,"13.9","17.2","(L)",NA,16,116,43,"(H)","20.0","36.3",90918,15.7,-0.693116385150488,56.3,23.8,22,4.8,11.4,12.1,43983,"16.0"
2017,"SOUTHEAST",90,"NOBLE",121,80124,135,85,NA,"13.9","17.2","(L)",NA,6,17,7,"(H)","20.0","36.3",63887,15.7,-1.18304096584449,55,24.8,23.2,4.8,11.4,12.1,3972,"16.0"
2017,"SOUTHEAST",90,"PERRY",127,101130,133,60,NA,"13.9","17.2","(L)",NA,11,118,40,"(H)","20.0","36.3",75495,15.7,-0.972651245423643,54.7,22.3,20.8,4.8,11.4,12.1,29101,"16.0"
2017,"SOUTHEAST",90,"VINTON",163,31457,139,77,NA,"13.9","17.2","(L)",NA,4,104,35,"(H)","20.0","36.3",63613,15.7,-1.18800709122314,58,19.6,17.6,4.8,11.4,12.1,5072,"16.0"
2017,"SOUTHEAST",90,"WASHINGTON",167,144406,131,83,NA,"13.9","17.2","(L)",NA,15,84,64,"(H)","20.0","36.3",70252,15.7,-1.06767823578947,57.4,25.3,23.7,4.8,11.4,12.1,28046,"16.0"
2017,"SOUTHWEST",70,"BUTLER",17,123916,124,38,NA,"13.9","17.2","(L)",NA,7,178,35,"(H)","20.0","36.3",89736,15.7,-0.714539597550336,58,23.1,21.1,4.8,11.4,12.1,66718,"16.0"
2017,"SOUTHWEST",70,"CLERMONT",25,97342,105,32,NA,"13.9","17.2","(L)",NA,11,210,48,"(H)","20.0","36.3",86038,15.7,-0.781564165616869,59,23.6,22,4.8,11.4,12.1,39957,"16.0"
2017,"SOUTHWEST",70,"CLINTON",27,212769,285,60,NA,"13.9","17.2","(L)",NA,10,321,97,"(H)","20.0","36.3",185154,15.7,1.0148682541999,57.2,24.6,22.4,4.8,11.4,12.1,149428,"16.0"
2017,"SOUTHWEST",70,"GREENE",57,167701,205,25,NA,"13.9","17.2","(L)",NA,15,274,63,"(H)","20.0","36.3",162563,15.7,0.605416654094161,58.5,23.9,22.2,4.8,11.4,12.1,109706,"16.0"
2017,"SOUTHWEST",70,"HAMILTON",61,17970,57,24,NA,"13.9","17.2","(L)",NA,4,34,28,"(H)","20.0","36.3",54805,15.7,-1.34764808514689,59.3,22.4,21.1,4.8,11.4,12.1,4143,"16.0"
2017,"SOUTHWEST",70,"MONTGOMERY",113,113109,145,29,NA,"13.9","17.2","(L)",NA,7,180,84,"(H)","20.0","36.3",118999,15.7,-0.184161032020067,58.2,23.5,21.8,4.8,11.4,12.1,66987,"16.0"
2017,"SOUTHWEST",70,"PREBLE",135,213476,202,51,NA,"13.9","17.2","(L)",NA,9,218,67,"(H)","20.0","36.3",133405,15.7,0.0769411658075331,55.9,25.2,23.3,4.8,11.4,12.1,144652,"16.0"
2017,"SOUTHWEST",70,"WARREN",165,90329,98,25,NA,"13.9","17.2","(L)",NA,19,144,71,"(H)","20.0","36.3",86177,15.7,-0.779044853837191,57.2,21.3,19.6,4.8,11.4,12.1,47632,"16.0"
2017,"WEST CENTRAL",40,"AUGLAIZE",11,210018,215,80,NA,"13.9","17.2","(L)",NA,3,195,115,"(H)","20.0","36.3",189133,15.7,1.08698581946132,55.8,27.3,25.6,4.8,11.4,12.1,145410,"16.0"
2017,"WEST CENTRAL",40,"CHAMPAIGN",21,188997,220,59,NA,"13.9","17.2","(L)",NA,12,266,54,"(H)","20.0","36.3",159256,15.7,0.545478783192046,57.4,24.4,21.8,4.8,11.4,12.1,128175,"16.0"
2017,"WEST CENTRAL",40,"CLARK",23,170987,230,35,NA,"13.9","17.2","(L)",NA,12,325,71,"(H)","20.0","36.3",165061,15.7,0.650691767947649,56.9,23.4,21.1,4.8,11.4,12.1,110092,"16.0"
2017,"WEST CENTRAL",40,"DARKE",37,343774,207,62,NA,"13.9","17.2","(L)",NA,16,205,63,"(H)","20.0","36.3",194900,15.7,1.19151007150018,54.4,25.8,23.9,4.8,11.4,12.1,224597,"16.0"
2017,"WEST CENTRAL",40,"HARDIN",65,261744,361,96,NA,"13.9","17.2","(L)",NA,4,299,252,"(H)","20.0","36.3",210499,15.7,1.47423485172458,57.7,27.7,26.1,4.8,11.4,12.1,150656,"16.0"
2017,"WEST CENTRAL",40,"LOGAN",91,211281,209,47,NA,"13.9","17.2","(L)",NA,8,287,147,"(H)","20.0","36.3",136955,15.7,0.14128330118779,56.1,24.5,22.4,4.8,11.4,12.1,124055,"16.0"
2017,"WEST CENTRAL",40,"MERCER",107,268958,218,81,NA,"13.9","17.2","(L)",NA,5,174,104,"(H)","20.0","36.3",229931,15.7,1.82643101361448,53.2,25.9,24.4,4.8,11.4,12.1,170579,"16.0"
2017,"WEST CENTRAL",40,"MIAMI",109,173159,167,36,NA,"13.9","17.2","(L)",NA,11,220,85,"(H)","20.0","36.3",114326,15.7,-0.268857031634698,56.5,23.7,22.1,4.8,11.4,12.1,119913,"16.0"
2017,"WEST CENTRAL",40,"SHELBY",149,214966,227,93,NA,"13.9","17.2","(L)",NA,10,221,104,"(H)","20.0","36.3",179829,15.7,0.918355051129517,54.4,25.9,24.2,4.8,11.4,12.1,143996,"16.0"
2012,"CENTRAL",50,"DELAWARE",41,140902,187,38,NA,"5.2","4.9","6.2",NA,NA,NA,NA,NA,NA,NA,144165,5.7,0.548487398632047,NA,NA,NA,NA,NA,NA,95146,"6.4"
2012,"CENTRAL",50,"FAIRFIELD",45,206699,175,48,NA,"5.2","4.9","6.2",NA,NA,NA,NA,NA,NA,NA,114217,5.7,-0.0417869392842959,NA,NA,NA,NA,NA,NA,119840,"6.4"
2012,"CENTRAL",50,"FAYETTE",47,196529,390,105,NA,"5.2","4.9","6.2",NA,NA,NA,NA,NA,NA,NA,226067,5.7,2.16277378917647,NA,NA,NA,NA,NA,NA,131675,"6.4"
2012,"CENTRAL",50,"FRANKLIN",49,62017,160,28,NA,"5.2","4.9","6.2",NA,NA,NA,NA,NA,NA,NA,118100,5.7,0.0347468944985663,NA,NA,NA,NA,NA,NA,38369,"6.4"
2012,"CENTRAL",50,"KNOX",83,186047,135,55,NA,"5.2","4.9","6.2",NA,NA,NA,NA,NA,NA,NA,91125,5.7,-0.496929687085958,NA,NA,NA,NA,NA,NA,91060,"6.4"
2012,"CENTRAL",50,"LICKING",89,224015,151,48,NA,"5.2","4.9","6.2",NA,NA,NA,NA,NA,NA,NA,103000,5.7,-0.262873731337442,NA,NA,NA,NA,NA,NA,114580,"6.4"
2012,"CENTRAL",50,"MADISON",97,263275,377,105,NA,"5.2","4.9","6.2",NA,NA,NA,NA,NA,NA,NA,202772,5.7,1.70362991640496,NA,NA,NA,NA,NA,NA,180235,"6.4"
2012,"CENTRAL",50,"MARION",101,189210,327,83,NA,"5.2","4.9","6.2",NA,NA,NA,NA,NA,NA,NA,199899,5.7,1.64700315759523,NA,NA,NA,NA,NA,NA,123252,"6.4"
2012,"CENTRAL",50,"MORROW",117,167736,204,60,NA,"5.2","4.9","6.2",NA,NA,NA,NA,NA,NA,NA,131218,5.7,0.293302349446696,NA,NA,NA,NA,NA,NA,99634,"6.4"
2012,"CENTRAL",50,"PICKAWAY",129,293684,366,83,NA,"5.2","4.9","6.2",NA,NA,NA,NA,NA,NA,NA,200378,5.7,1.65644423572606,NA,NA,NA,NA,NA,NA,199600,"6.4"
2012,"CENTRAL",50,"ROSS",141,221723,226,85,NA,"5.2","4.9","6.2",NA,NA,NA,NA,NA,NA,NA,92038,5.7,-0.478934479709251,NA,NA,NA,NA,NA,NA,92160,"6.4"
2012,"CENTRAL",50,"UNION",159,241935,243,52,NA,"5.2","4.9","6.2",NA,NA,NA,NA,NA,NA,NA,151144,5.7,0.686043315698901,NA,NA,NA,NA,NA,NA,151848,"6.4"
2012,"EAST CENTRAL",60,"BELMONT",13,113233,162,92,NA,"5.2","4.9","6.2",NA,NA,NA,NA,NA,NA,NA,59970,5.7,-1.11099396509396,NA,NA,NA,NA,NA,NA,6183,"6.4"
2012,"EAST CENTRAL",60,"CARROLL",19,106256,145,80,NA,"5.2","4.9","6.2",NA,NA,NA,NA,NA,NA,NA,86621,5.7,-0.585703415481017,NA,NA,NA,NA,NA,NA,28624,"6.4"
2012,"EAST CENTRAL",60,"COSHOCTON",31,169762,151,84,NA,"5.2","4.9","6.2",NA,NA,NA,NA,NA,NA,NA,87949,5.7,-0.559528568387625,NA,NA,NA,NA,NA,NA,50983,"6.4"
2012,"EAST CENTRAL",60,"HARRISON",67,95387,215,99,NA,"5.2","4.9","6.2",NA,NA,NA,NA,NA,NA,NA,68226,5.7,-0.948268409669982,NA,NA,NA,NA,NA,NA,10625,"6.4"
2012,"EAST CENTRAL",60,"HOLMES",75,220948,112,78,NA,"5.2","4.9","6.2",NA,NA,NA,NA,NA,NA,NA,64655,5.7,-1.01865273118391,NA,NA,NA,NA,NA,NA,70153,"6.4"
2012,"EAST CENTRAL",60,"JEFFERSON",81,68341,139,95,NA,"5.2","4.9","6.2",NA,NA,NA,NA,NA,NA,NA,68802,5.7,-0.936915463942727,NA,NA,NA,NA,NA,NA,4033,"6.4"
2012,"EAST CENTRAL",60,"TUSCARAWAS",157,138083,136,75,NA,"5.2","4.9","6.2",NA,NA,NA,NA,NA,NA,NA,95939,5.7,-0.402045866372412,NA,NA,NA,NA,NA,NA,44662,"6.4"
2012,"NORTH CENTRAL",20,"ASHLAND",5,152972,148,71,NA,"5.2","4.9","6.2",NA,NA,NA,NA,NA,NA,NA,93800,5.7,-0.444205503369977,NA,NA,NA,NA,NA,NA,80705,"6.4"
2012,"NORTH CENTRAL",20,"CRAWFORD",33,240022,379,120,NA,"5.2","4.9","6.2",NA,NA,NA,NA,NA,NA,NA,250993,5.7,2.65406463153331,NA,NA,NA,NA,NA,NA,180926,"6.4"
2012,"NORTH CENTRAL",20,"ERIE",43,83330,242,58,NA,"5.2","4.9","6.2",NA,NA,NA,NA,NA,NA,NA,184908,5.7,1.3515309190583,NA,NA,NA,NA,NA,NA,56229,"6.4"
2012,"NORTH CENTRAL",20,"HURON",77,238291,275,77,NA,"5.2","4.9","6.2",NA,NA,NA,NA,NA,NA,NA,165144,5.7,0.961982968791889,NA,NA,NA,NA,NA,NA,154477,"6.4"
2012,"NORTH CENTRAL",20,"LORAIN",93,122692,160,44,NA,"5.2","4.9","6.2",NA,NA,NA,NA,NA,NA,NA,125251,5.7,0.17569292730342,NA,NA,NA,NA,NA,NA,68170,"6.4"
2012,"NORTH CENTRAL",20,"OTTAWA",123,112677,182,60,NA,"5.2","4.9","6.2",NA,NA,NA,NA,NA,NA,NA,119449,5.7,0.0613356510715978,NA,NA,NA,NA,NA,NA,66663,"6.4"
2012,"NORTH CENTRAL",20,"RICHLAND",139,160623,159,80,NA,"5.2","4.9","6.2",NA,NA,NA,NA,NA,NA,NA,110557,5.7,-0.113925448592891,NA,NA,NA,NA,NA,NA,82478,"6.4"
2012,"NORTH CENTRAL",20,"SANDUSKY",143,181440,246,88,NA,"5.2","4.9","6.2",NA,NA,NA,NA,NA,NA,NA,160580,5.7,0.872026641883575,NA,NA,NA,NA,NA,NA,124423,"6.4"
2012,"NORTH CENTRAL",20,"SENECA",147,290511,261,111,NA,"5.2","4.9","6.2",NA,NA,NA,NA,NA,NA,NA,163428,5.7,0.928160651312777,NA,NA,NA,NA,NA,NA,196300,"6.4"
2012,"NORTH CENTRAL",20,"WYANDOT",175,220841,372,115,NA,"5.2","4.9","6.2",NA,NA,NA,NA,NA,NA,NA,211556,5.7,1.87676233874559,NA,NA,NA,NA,NA,NA,146305,"6.4"
2012,"NORTHEAST",30,"ASHTABULA",7,165967,151,61,NA,"5.2","4.9","6.2",NA,NA,NA,NA,NA,NA,NA,114303,5.7,-0.0400918814152962,NA,NA,NA,NA,NA,NA,74705,"6.4"
2012,"NORTHEAST",30,"COLUMBIANA",29,127846,122,60,NA,"5.2","4.9","6.2",NA,NA,NA,NA,NA,NA,NA,98871,5.7,-0.344256219024652,NA,NA,NA,NA,NA,NA,54943,"6.4"
2012,"NORTHEAST",30,"CUYAHOGA",35,2608,23,10,NA,"5.2","4.9","6.2",NA,NA,NA,NA,NA,NA,NA,56082,5.7,-1.18762634875293,NA,NA,NA,NA,NA,NA,181,"6.4"
2012,"NORTHEAST",30,"GEAUGA",55,66809,70,40,NA,"5.2","4.9","6.2",NA,NA,NA,NA,NA,NA,NA,47118,5.7,-1.36430656663332,NA,NA,NA,NA,NA,NA,16479,"6.4"
2012,"NORTHEAST",30,"LAKE",85,17125,80,30,NA,"5.2","4.9","6.2",NA,NA,NA,NA,NA,NA,NA,111074,5.7,-0.103735391403672,NA,NA,NA,NA,NA,NA,4610,"6.4"
2012,"NORTHEAST",30,"MAHONING",99,74966,130,57,NA,"5.2","4.9","6.2",NA,NA,NA,NA,NA,NA,NA,119342,5.7,0.0592266837229585,NA,NA,NA,NA,NA,NA,36832,"6.4"
2012,"NORTHEAST",30,"MEDINA",103,94978,103,31,NA,"5.2","4.9","6.2",NA,NA,NA,NA,NA,NA,NA,94629,5.7,-0.427865933911828,NA,NA,NA,NA,NA,NA,50386,"6.4"
2012,"NORTHEAST",30,"PORTAGE",133,83321,98,39,NA,"5.2","4.9","6.2",NA,NA,NA,NA,NA,NA,NA,78929,5.7,-0.737312544880393,NA,NA,NA,NA,NA,NA,39773,"6.4"
2012,"NORTHEAST",30,"STARK",151,135749,116,40,NA,"5.2","4.9","6.2",NA,NA,NA,NA,NA,NA,NA,101840,5.7,-0.285737302593718,NA,NA,NA,NA,NA,NA,71042,"6.4"
2012,"NORTHEAST",30,"SUMMIT",153,16545,54,18,NA,"5.2","4.9","6.2",NA,NA,NA,NA,NA,NA,NA,59490,5.7,-1.12045475320001,NA,NA,NA,NA,NA,NA,5814,"6.4"
2012,"NORTHEAST",30,"TRUMBULL",155,113896,128,62,NA,"5.2","4.9","6.2",NA,NA,NA,NA,NA,NA,NA,112288,5.7,-0.0798074814854655,NA,NA,NA,NA,NA,NA,57219,"6.4"
2012,"NORTHEAST",30,"WAYNE",169,271657,141,72,NA,"5.2","4.9","6.2",NA,NA,NA,NA,NA,NA,NA,113696,5.7,-0.0520558363743993,NA,NA,NA,NA,NA,NA,147229,"6.4"
2012,"NORTHWEST",10,"ALLEN",3,183186,203,73,NA,"5.2","4.9","6.2",NA,NA,NA,NA,NA,NA,NA,144872,5.7,0.562422351113243,NA,NA,NA,NA,NA,NA,122568,"6.4"
2012,"NORTHWEST",10,"DEFIANCE",39,225250,219,77,NA,"5.2","4.9","6.2",NA,NA,NA,NA,NA,NA,NA,116630,5.7,0.00577323092380259,NA,NA,NA,NA,NA,NA,124697,"6.4"
2012,"NORTHWEST",10,"FULTON",51,195356,237,76,NA,"5.2","4.9","6.2",NA,NA,NA,NA,NA,NA,NA,166077,5.7,0.980372375673014,NA,NA,NA,NA,NA,NA,142043,"6.4"
2012,"NORTHWEST",10,"HANCOCK",63,230261,277,100,NA,"5.2","4.9","6.2",NA,NA,NA,NA,NA,NA,NA,164752,5.7,0.954256658505285,NA,NA,NA,NA,NA,NA,150354,"6.4"
2012,"NORTHWEST",10,"HENRY",69,235919,278,95,NA,"5.2","4.9","6.2",NA,NA,NA,NA,NA,NA,NA,170375,5.7,1.06508584917256,NA,NA,NA,NA,NA,NA,178797,"6.4"
2012,"NORTHWEST",10,"LUCAS",95,63022,191,40,NA,"5.2","4.9","6.2",NA,NA,NA,NA,NA,NA,NA,138709,5.7,0.440949773826665,NA,NA,NA,NA,NA,NA,42386,"6.4"
2012,"NORTHWEST",10,"PAULDING",125,220878,327,84,NA,"5.2","4.9","6.2",NA,NA,NA,NA,NA,NA,NA,188343,5.7,1.41923468394219,NA,NA,NA,NA,NA,NA,135469,"6.4"
2012,"NORTHWEST",10,"PUTNAM",137,305567,240,125,NA,"5.2","4.9","6.2",NA,NA,NA,NA,NA,NA,NA,175178,5.7,1.15975286015868,NA,NA,NA,NA,NA,NA,205851,"6.4"
2012,"NORTHWEST",10,"VAN WERT",161,227277,347,122,NA,"5.2","4.9","6.2",NA,NA,NA,NA,NA,NA,NA,212111,5.7,1.8877013749932,NA,NA,NA,NA,NA,NA,160283,"6.4"
2012,"NORTHWEST",10,"WILLIAMS",171,208012,211,78,NA,"5.2","4.9","6.2",NA,NA,NA,NA,NA,NA,NA,101897,5.7,-0.284613834006125,NA,NA,NA,NA,NA,NA,116490,"6.4"
2012,"NORTHWEST",10,"WOOD",173,267957,246,76,NA,"5.2","4.9","6.2",NA,NA,NA,NA,NA,NA,NA,162391,5.7,0.907721407008675,NA,NA,NA,NA,NA,NA,187949,"6.4"
2012,"SOUTH CENTRAL",80,"ADAMS",1,172408,128,72,NA,"5.2","4.9","6.2",NA,NA,NA,NA,NA,NA,NA,59237,5.7,-1.1254413769309,NA,NA,NA,NA,NA,NA,48135,"6.4"
2012,"SOUTH CENTRAL",80,"BROWN",15,206446,150,67,NA,"5.2","4.9","6.2",NA,NA,NA,NA,NA,NA,NA,89819,5.7,-0.52267091472449,NA,NA,NA,NA,NA,NA,97544,"6.4"
2012,"SOUTH CENTRAL",80,"GALLIA",53,115838,121,75,NA,"5.2","4.9","6.2",NA,NA,NA,NA,NA,NA,NA,51182,5.7,-1.28420522733547,NA,NA,NA,NA,NA,NA,12789,"6.4"
2012,"SOUTH CENTRAL",80,"HIGHLAND",71,264521,187,75,NA,"5.2","4.9","6.2",NA,NA,NA,NA,NA,NA,NA,97352,5.7,-0.374195671385242,NA,NA,NA,NA,NA,NA,126973,"6.4"
2012,"SOUTH CENTRAL",80,"JACKSON",79,71681,136,80,NA,"5.2","4.9","6.2",NA,NA,NA,NA,NA,NA,NA,58484,5.7,-1.14028298827226,NA,NA,NA,NA,NA,NA,9124,"6.4"
2012,"SOUTH CENTRAL",80,"LAWRENCE",87,64575,109,80,NA,"5.2","4.9","6.2",NA,NA,NA,NA,NA,NA,NA,50843,5.7,-1.29088690893537,NA,NA,NA,NA,NA,NA,3049,"6.4"
2012,"SOUTH CENTRAL",80,"PIKE",131,97446,199,91,NA,"5.2","4.9","6.2",NA,NA,NA,NA,NA,NA,NA,71429,5.7,-0.88513735903735,NA,NA,NA,NA,NA,NA,28702,"6.4"
2012,"SOUTH CENTRAL",80,"SCIOTO",145,94342,137,72,NA,"5.2","4.9","6.2",NA,NA,NA,NA,NA,NA,NA,67393,5.7,-0.964686819029014,NA,NA,NA,NA,NA,NA,23203,"6.4"
2012,"SOUTHEAST",90,"ATHENS",9,90473,125,77,NA,"5.2","4.9","6.2",NA,NA,NA,NA,NA,NA,NA,47575,5.7,-1.35529910795736,NA,NA,NA,NA,NA,NA,6403,"6.4"
2012,"SOUTHEAST",90,"GUERNSEY",59,143763,117,70,NA,"5.2","4.9","6.2",NA,NA,NA,NA,NA,NA,NA,49570,5.7,-1.31597770739161,NA,NA,NA,NA,NA,NA,12058,"6.4"
2012,"SOUTHEAST",90,"HOCKING",73,38085,104,65,NA,"5.2","4.9","6.2",NA,NA,NA,NA,NA,NA,NA,44938,5.7,-1.40727431261495,NA,NA,NA,NA,NA,NA,4955,"6.4"
2012,"SOUTHEAST",90,"MEIGS",105,75801,129,91,NA,"5.2","4.9","6.2",NA,NA,NA,NA,NA,NA,NA,53207,5.7,-1.24429252751309,NA,NA,NA,NA,NA,NA,8284,"6.4"
2012,"SOUTHEAST",90,"MONROE",111,111161,135,92,NA,"5.2","4.9","6.2",NA,NA,NA,NA,NA,NA,NA,58011,5.7,-1.14960580655176,NA,NA,NA,NA,NA,NA,6311,"6.4"
2012,"SOUTHEAST",90,"MORGAN",115,95174,187,112,NA,"5.2","4.9","6.2",NA,NA,NA,NA,NA,NA,NA,64149,5.7,-1.0286259786457,NA,NA,NA,NA,NA,NA,9169,"6.4"
2012,"SOUTHEAST",90,"MUSKINGUM",119,173269,138,78,NA,"5.2","4.9","6.2",NA,NA,NA,NA,NA,NA,NA,70551,5.7,-0.902442717281325,NA,NA,NA,NA,NA,NA,42729,"6.4"
2012,"SOUTHEAST",90,"NOBLE",121,86117,145,97,NA,"5.2","4.9","6.2",NA,NA,NA,NA,NA,NA,NA,55651,5.7,-1.19612134807315,NA,NA,NA,NA,NA,NA,3416,"6.4"
2012,"SOUTHEAST",90,"PERRY",127,107224,153,64,NA,"5.2","4.9","6.2",NA,NA,NA,NA,NA,NA,NA,82957,5.7,-0.657920764690496,NA,NA,NA,NA,NA,NA,40880,"6.4"
2012,"SOUTHEAST",90,"VINTON",163,33400,148,98,NA,"5.2","4.9","6.2",NA,NA,NA,NA,NA,NA,NA,42865,5.7,-1.44813309124793,NA,NA,NA,NA,NA,NA,3298,"6.4"
2012,"SOUTHEAST",90,"WASHINGTON",167,138940,124,83,NA,"5.2","4.9","6.2",NA,NA,NA,NA,NA,NA,NA,58989,5.7,-1.13032945078569,NA,NA,NA,NA,NA,NA,23706,"6.4"
2012,"SOUTHWEST",70,"BUTLER",17,146054,169,46,NA,"5.2","4.9","6.2",NA,NA,NA,NA,NA,NA,NA,107818,5.7,-0.167911070723012,NA,NA,NA,NA,NA,NA,81432,"6.4"
2012,"SOUTHWEST",70,"CLERMONT",25,121125,147,38,NA,"5.2","4.9","6.2",NA,NA,NA,NA,NA,NA,NA,83123,5.7,-0.654648908803822,NA,NA,NA,NA,NA,NA,46710,"6.4"
2012,"SOUTHWEST",70,"CLINTON",27,208142,274,80,NA,"5.2","4.9","6.2",NA,NA,NA,NA,NA,NA,NA,172278,5.7,1.10259393201799,NA,NA,NA,NA,NA,NA,154485,"6.4"
2012,"SOUTHWEST",70,"GREENE",57,145790,182,30,NA,"5.2","4.9","6.2",NA,NA,NA,NA,NA,NA,NA,120653,5.7,0.0850664612375947,NA,NA,NA,NA,NA,NA,97284,"6.4"
2012,"SOUTHWEST",70,"HAMILTON",61,21618,73,24,NA,"5.2","4.9","6.2",NA,NA,NA,NA,NA,NA,NA,73277,5.7,-0.848713324829076,NA,NA,NA,NA,NA,NA,5653,"6.4"
2012,"SOUTHWEST",70,"MONTGOMERY",113,124105,161,29,NA,"5.2","4.9","6.2",NA,NA,NA,NA,NA,NA,NA,111272,5.7,-0.099832816309928,NA,NA,NA,NA,NA,NA,77470,"6.4"
2012,"SOUTHWEST",70,"PREBLE",135,224243,206,62,NA,"5.2","4.9","6.2",NA,NA,NA,NA,NA,NA,NA,148122,5.7,0.626479770581258,NA,NA,NA,NA,NA,NA,163238,"6.4"
2012,"SOUTHWEST",70,"WARREN",165,106624,113,30,NA,"5.2","4.9","(L)",NA,NA,NA,NA,NA,NA,NA,85669,5.7,-0.60446731189134,NA,NA,NA,NA,NA,NA,58071,"6.4"
2012,"WEST CENTRAL",40,"AUGLAIZE",11,210084,202,93,NA,"5.2","4.9","6.2",NA,NA,NA,NA,NA,NA,NA,176234,5.7,1.18056659399198,NA,NA,NA,NA,NA,NA,147801,"6.4"
2012,"WEST CENTRAL",40,"CHAMPAIGN",21,190060,218,59,NA,"5.2","4.9","6.2",NA,NA,NA,NA,NA,NA,NA,147490,5.7,0.614023066241631,NA,NA,NA,NA,NA,NA,119362,"6.4"
2012,"WEST CENTRAL",40,"CLARK",23,174337,222,40,NA,"5.2","4.9","6.2",NA,NA,NA,NA,NA,NA,NA,147288,5.7,0.610041651247004,NA,NA,NA,NA,NA,NA,110380,"6.4"
2012,"WEST CENTRAL",40,"DARKE",37,339981,201,76,NA,"5.2","4.9","6.2",NA,NA,NA,NA,NA,NA,NA,175760,5.7,1.17122406573726,NA,NA,NA,NA,NA,NA,226228,"6.4"
2012,"WEST CENTRAL",40,"HARDIN",65,247839,313,98,NA,"5.2","4.9","6.2",NA,NA,NA,NA,NA,NA,NA,171833,5.7,1.09382299304467,NA,NA,NA,NA,NA,NA,156817,"6.4"
2012,"WEST CENTRAL",40,"LOGAN",91,212937,245,69,NA,"5.2","4.9","6.2",NA,NA,NA,NA,NA,NA,NA,135014,5.7,0.368121415385337,NA,NA,NA,NA,NA,NA,117134,"6.4"
2012,"WEST CENTRAL",40,"MERCER",107,273152,226,92,NA,"5.2","4.9","6.2",NA,NA,NA,NA,NA,NA,NA,213010,5.7,1.90542064271681,NA,NA,NA,NA,NA,NA,186039,"6.4"
2012,"WEST CENTRAL",40,"MIAMI",109,184233,173,41,NA,"5.2","4.9","6.2",NA,NA,NA,NA,NA,NA,NA,103808,5.7,-0.246948071358932,NA,NA,NA,NA,NA,NA,125159,"6.4"
2012,"WEST CENTRAL",40,"SHELBY",149,206283,209,99,NA,"5.2","4.9","6.2",NA,NA,NA,NA,NA,NA,NA,149865,5.7,0.660834257391335,NA,NA,NA,NA,NA,NA,140909,"6.4"
2007,"CENTRAL",50,"DELAWARE",41,138140,190,38,NA,"","","",NA,NA,NA,NA,NA,NA,NA,101863,NA,0.522038772821584,NA,NA,NA,NA,NA,NA,90021,""
2007,"CENTRAL",50,"FAIRFIELD",45,177772,160,50,NA,"","","",NA,NA,NA,NA,NA,NA,NA,84850,NA,-0.0666352665112625,NA,NA,NA,NA,NA,NA,105523,""
2007,"CENTRAL",50,"FAYETTE",47,218250,373,89,NA,"","","",NA,NA,NA,NA,NA,NA,NA,130387,NA,1.50900981249302,NA,NA,NA,NA,NA,NA,163484,""
2007,"CENTRAL",50,"FRANKLIN",49,59601,139,26,NA,"","","",NA,NA,NA,NA,NA,NA,NA,94235,NA,0.258099104801191,NA,NA,NA,NA,NA,NA,37586,""
2007,"CENTRAL",50,"KNOX",83,198244,156,58,NA,"","","",NA,NA,NA,NA,NA,NA,NA,75550,NA,-0.38842851671966,NA,NA,NA,NA,NA,NA,106172,""
2007,"CENTRAL",50,"LICKING",89,225792,158,48,NA,"","","",NA,NA,NA,NA,NA,NA,NA,81046,NA,-0.198259086273923,NA,NA,NA,NA,NA,NA,123263,""
2007,"CENTRAL",50,"MADISON",97,247913,345,98,NA,"","","",NA,NA,NA,NA,NA,NA,NA,144089,NA,1.98311853446673,NA,NA,NA,NA,NA,NA,183196,""
2007,"CENTRAL",50,"MARION",101,206832,316,80,NA,"","","",NA,NA,NA,NA,NA,NA,NA,129995,NA,1.49544605398961,NA,NA,NA,NA,NA,NA,144074,""
2007,"CENTRAL",50,"MORROW",117,165023,189,52,NA,"","","",NA,NA,NA,NA,NA,NA,NA,80480,NA,-0.217843492684456,NA,NA,NA,NA,NA,NA,102727,""
2007,"CENTRAL",50,"PICKAWAY",129,288905,347,65,NA,"","","",NA,NA,NA,NA,NA,NA,NA,136102,NA,1.70675695495979,NA,NA,NA,NA,NA,NA,215123,""
2007,"CENTRAL",50,"ROSS",141,223650,222,78,NA,"","","",NA,NA,NA,NA,NA,NA,NA,71947,NA,-0.513097450106849,NA,NA,NA,NA,NA,NA,100239,""
2007,"CENTRAL",50,"UNION",159,218657,235,60,NA,"","","",NA,NA,NA,NA,NA,NA,NA,118940,NA,1.11292730333866,NA,NA,NA,NA,NA,NA,148617,""
2007,"EAST CENTRAL",60,"BELMONT",13,129106,190,92,NA,"","","",NA,NA,NA,NA,NA,NA,NA,55131,NA,-1.09495500876324,NA,NA,NA,NA,NA,NA,6510,""
2007,"EAST CENTRAL",60,"CARROLL",19,116853,151,80,NA,"","","",NA,NA,NA,NA,NA,NA,NA,68140,NA,-0.644825074143771,NA,NA,NA,NA,NA,NA,28780,""
2007,"EAST CENTRAL",60,"COSHOCTON",31,171084,166,92,NA,"","","",NA,NA,NA,NA,NA,NA,NA,75986,NA,-0.373342295527095,NA,NA,NA,NA,NA,NA,51252,""
2007,"EAST CENTRAL",60,"HARRISON",67,93342,223,104,NA,"","","",NA,NA,NA,NA,NA,NA,NA,62901,NA,-0.826101938427835,NA,NA,NA,NA,NA,NA,11813,""
2007,"EAST CENTRAL",60,"HOLMES",75,187658,119,72,NA,"","","",NA,NA,NA,NA,NA,NA,NA,57119,NA,-1.0261673763531,NA,NA,NA,NA,NA,NA,62428,""
2007,"EAST CENTRAL",60,"JEFFERSON",81,69468,146,91,NA,"","","",NA,NA,NA,NA,NA,NA,NA,59540,NA,-0.942397327024655,NA,NA,NA,NA,NA,NA,7241,""
2007,"EAST CENTRAL",60,"TUSCARAWAS",157,142642,145,75,NA,"","","",NA,NA,NA,NA,NA,NA,NA,70867,NA,-0.550466988840728,NA,NA,NA,NA,NA,NA,45801,""
2007,"NORTH CENTRAL",20,"ASHLAND",5,150534,142,65,NA,"","","",NA,NA,NA,NA,NA,NA,NA,78117,NA,-0.299606659377192,NA,NA,NA,NA,NA,NA,80932,""
2007,"NORTH CENTRAL",20,"CRAWFORD",33,219566,322,110,NA,"","","",NA,NA,NA,NA,NA,NA,NA,141983,NA,1.91024793393566,NA,NA,NA,NA,NA,NA,162904,""
2007,"NORTH CENTRAL",20,"ERIE",43,84085,209,56,NA,"","","",NA,NA,NA,NA,NA,NA,NA,133276,NA,1.60897332860614,NA,NA,NA,NA,NA,NA,62392,""
2007,"NORTH CENTRAL",20,"HURON",77,219369,277,66,NA,"","","",NA,NA,NA,NA,NA,NA,NA,123835,NA,1.28230127750749,NA,NA,NA,NA,NA,NA,156578,""
2007,"NORTH CENTRAL",20,"LORAIN",93,124100,142,35,NA,"","","",NA,NA,NA,NA,NA,NA,NA,83516,NA,-0.112793567132553,NA,NA,NA,NA,NA,NA,78614,""
2007,"NORTH CENTRAL",20,"OTTAWA",123,115145,195,68,NA,"","","",NA,NA,NA,NA,NA,NA,NA,100476,NA,0.474046596688353,NA,NA,NA,NA,NA,NA,80804,""
2007,"NORTH CENTRAL",20,"RICHLAND",139,146580,145,62,NA,"","","",NA,NA,NA,NA,NA,NA,NA,77684,NA,-0.314589076295497,NA,NA,NA,NA,NA,NA,81599,""
2007,"NORTH CENTRAL",20,"SANDUSKY",143,181337,232,68,NA,"","","",NA,NA,NA,NA,NA,NA,NA,102521,NA,0.544806510309447,NA,NA,NA,NA,NA,NA,132851,""
2007,"NORTH CENTRAL",20,"SENECA",147,269371,235,89,NA,"","","",NA,NA,NA,NA,NA,NA,NA,100325,NA,0.468821781550561,NA,NA,NA,NA,NA,NA,191822,""
2007,"NORTH CENTRAL",20,"WYANDOT",175,219631,348,109,NA,"","","",NA,NA,NA,NA,NA,NA,NA,144224,NA,1.98778972680846,NA,NA,NA,NA,NA,NA,156593,""
2007,"NORTHEAST",30,"ASHTABULA",7,161698,143,61,NA,"","","",NA,NA,NA,NA,NA,NA,NA,79881,NA,-0.238569746111857,NA,NA,NA,NA,NA,NA,67248,""
2007,"NORTHEAST",30,"COLUMBIANA",29,130952,124,60,NA,"","","",NA,NA,NA,NA,NA,NA,NA,75591,NA,-0.387009858304763,NA,NA,NA,NA,NA,NA,59379,""
2007,"NORTHEAST",30,"CUYAHOGA",35,2910,23,13,NA,"","","",NA,NA,NA,NA,NA,NA,NA,48301,NA,-1.33128273983027,NA,NA,NA,NA,NA,NA,241,""
2007,"NORTHEAST",30,"GEAUGA",55,56558,64,34,NA,"","","",NA,NA,NA,NA,NA,NA,NA,51578,NA,-1.21789387091275,NA,NA,NA,NA,NA,NA,13638,""
2007,"NORTHEAST",30,"LAKE",85,16065,62,22,NA,"","","",NA,NA,NA,NA,NA,NA,NA,91159,NA,0.151665122259144,NA,NA,NA,NA,NA,NA,5607,""
2007,"NORTHEAST",30,"MAHONING",99,64082,111,52,NA,"","","",NA,NA,NA,NA,NA,NA,NA,76812,NA,-0.344761518680628,NA,NA,NA,NA,NA,NA,32388,""
2007,"NORTHEAST",30,"MEDINA",103,95493,100,30,NA,"","","",NA,NA,NA,NA,NA,NA,NA,68862,NA,-0.619842845471678,NA,NA,NA,NA,NA,NA,55441,""
2007,"NORTHEAST",30,"PORTAGE",133,82759,96,38,NA,"","","",NA,NA,NA,NA,NA,NA,NA,65977,NA,-0.719667955885789,NA,NA,NA,NA,NA,NA,43418,""
2007,"NORTHEAST",30,"STARK",151,138061,106,35,NA,"","","",NA,NA,NA,NA,NA,NA,NA,87944,NA,0.0404215416763486,NA,NA,NA,NA,NA,NA,71946,""
2007,"NORTHEAST",30,"SUMMIT",153,15166,45,15,NA,"","","",NA,NA,NA,NA,NA,NA,NA,53977,NA,-1.13488505292888,NA,NA,NA,NA,NA,NA,5554,""
2007,"NORTHEAST",30,"TRUMBULL",155,125136,129,55,NA,"","","",NA,NA,NA,NA,NA,NA,NA,74449,NA,-0.426524685373364,NA,NA,NA,NA,NA,NA,65702,""
2007,"NORTHEAST",30,"WAYNE",169,248409,139,60,NA,"","","",NA,NA,NA,NA,NA,NA,NA,99331,NA,0.434427965345491,NA,NA,NA,NA,NA,NA,140030,""
2007,"NORTHWEST",10,"ALLEN",3,187238,198,70,NA,"","","",NA,NA,NA,NA,NA,NA,NA,86747,NA,-0.000996363753700046,NA,NA,NA,NA,NA,NA,139699,""
2007,"NORTHWEST",10,"DEFIANCE",39,233213,204,77,NA,"","","",NA,NA,NA,NA,NA,NA,NA,84014,NA,-0.0955620576052647,NA,NA,NA,NA,NA,NA,142465,""
2007,"NORTHWEST",10,"FULTON",51,183913,241,77,NA,"","","",NA,NA,NA,NA,NA,NA,NA,112682,NA,0.896391587230687,NA,NA,NA,NA,NA,NA,145803,""
2007,"NORTHWEST",10,"HANCOCK",63,247981,269,83,NA,"","","",NA,NA,NA,NA,NA,NA,NA,111491,NA,0.85518129034916,NA,NA,NA,NA,NA,NA,185840,""
2007,"NORTHWEST",10,"HENRY",69,232238,264,80,NA,"","","",NA,NA,NA,NA,NA,NA,NA,110156,NA,0.808988388303116,NA,NA,NA,NA,NA,NA,178437,""
2007,"NORTHWEST",10,"LUCAS",95,62906,169,31,NA,"","","",NA,NA,NA,NA,NA,NA,NA,107975,NA,0.733522680915533,NA,NA,NA,NA,NA,NA,51323,""
2007,"NORTHWEST",10,"PAULDING",125,255564,339,90,NA,"","","",NA,NA,NA,NA,NA,NA,NA,133146,NA,1.60447514338818,NA,NA,NA,NA,NA,NA,170253,""
2007,"NORTHWEST",10,"PUTNAM",137,303751,231,120,NA,"","","",NA,NA,NA,NA,NA,NA,NA,120551,NA,1.1686701986167,NA,NA,NA,NA,NA,NA,221975,""
2007,"NORTHWEST",10,"VAN WERT",161,246497,354,135,NA,"","","",NA,NA,NA,NA,NA,NA,NA,148603,NA,2.13930936580444,NA,NA,NA,NA,NA,NA,192471,""
2007,"NORTHWEST",10,"WILLIAMS",171,212509,190,69,NA,"","","",NA,NA,NA,NA,NA,NA,NA,76702,NA,-0.348567675403523,NA,NA,NA,NA,NA,NA,135376,""
2007,"NORTHWEST",10,"WOOD",173,275552,236,65,NA,"","","",NA,NA,NA,NA,NA,NA,NA,112384,NA,0.886080362654117,NA,NA,NA,NA,NA,NA,205853,""
2007,"SOUTH CENTRAL",80,"ADAMS",1,183961,133,71,NA,"","","",NA,NA,NA,NA,NA,NA,NA,55928,NA,-1.06737767323463,NA,NA,NA,NA,NA,NA,45900,""
2007,"SOUTH CENTRAL",80,"BROWN",15,240389,162,66,NA,"","","",NA,NA,NA,NA,NA,NA,NA,81338,NA,-0.188155470245875,NA,NA,NA,NA,NA,NA,131482,""
2007,"SOUTH CENTRAL",80,"GALLIA",53,116945,118,73,NA,"","","",NA,NA,NA,NA,NA,NA,NA,50056,NA,-1.27055723938771,NA,NA,NA,NA,NA,NA,10812,""
2007,"SOUTH CENTRAL",80,"HIGHLAND",71,269803,180,72,NA,"","","",NA,NA,NA,NA,NA,NA,NA,78274,NA,-0.294174235690878,NA,NA,NA,NA,NA,NA,142337,""
2007,"SOUTH CENTRAL",80,"JACKSON",79,71869,156,84,NA,"","","",NA,NA,NA,NA,NA,NA,NA,56542,NA,-1.04613239843592,NA,NA,NA,NA,NA,NA,11953,""
2007,"SOUTH CENTRAL",80,"LAWRENCE",87,65740,101,68,NA,"","","",NA,NA,NA,NA,NA,NA,NA,46059,NA,-1.40885913412782,NA,NA,NA,NA,NA,NA,3764,""
2007,"SOUTH CENTRAL",80,"PIKE",131,80636,150,86,NA,"","","",NA,NA,NA,NA,NA,NA,NA,56922,NA,-1.03298385702956,NA,NA,NA,NA,NA,NA,18958,""
2007,"SOUTH CENTRAL",80,"SCIOTO",145,102025,135,69,NA,"","","",NA,NA,NA,NA,NA,NA,NA,61696,NA,-0.867796655255913,NA,NA,NA,NA,NA,NA,26529,""
2007,"SOUTHEAST",90,"ATHENS",9,82182,140,82,NA,"","","",NA,NA,NA,NA,NA,NA,NA,50010,NA,-1.27214890492638,NA,NA,NA,NA,NA,NA,8756,""
2007,"SOUTHEAST",90,"GUERNSEY",59,137584,156,85,NA,"","","",NA,NA,NA,NA,NA,NA,NA,55228,NA,-1.09159867056214,NA,NA,NA,NA,NA,NA,14865,""
2007,"SOUTHEAST",90,"HOCKING",73,41992,109,70,NA,"","","",NA,NA,NA,NA,NA,NA,NA,46715,NA,-1.38616059948946,NA,NA,NA,NA,NA,NA,5764,""
2007,"SOUTHEAST",90,"MEIGS",105,77755,141,95,NA,"","","",NA,NA,NA,NA,NA,NA,NA,55840,NA,-1.07042259861294,NA,NA,NA,NA,NA,NA,10014,""
2007,"SOUTHEAST",90,"MONROE",111,99306,156,110,NA,"","","",NA,NA,NA,NA,NA,NA,NA,47191,NA,-1.36969032130675,NA,NA,NA,NA,NA,NA,7652,""
2007,"SOUTHEAST",90,"MORGAN",115,102271,195,107,NA,"","","",NA,NA,NA,NA,NA,NA,NA,58123,NA,-0.991427545900494,NA,NA,NA,NA,NA,NA,8646,""
2007,"SOUTHEAST",90,"MUSKINGUM",119,166448,143,82,NA,"","","",NA,NA,NA,NA,NA,NA,NA,65224,NA,-0.745722828725243,NA,NA,NA,NA,NA,NA,34070,""
2007,"SOUTHEAST",90,"NOBLE",121,89298,167,101,NA,"","","",NA,NA,NA,NA,NA,NA,NA,43986,NA,-1.48058788764201,NA,NA,NA,NA,NA,NA,4916,""
2007,"SOUTHEAST",90,"PERRY",127,97965,152,75,NA,"","","",NA,NA,NA,NA,NA,NA,NA,58127,NA,-0.99128914020148,NA,NA,NA,NA,NA,NA,32804,""
2007,"SOUTHEAST",90,"VINTON",163,36811,147,91,NA,"","","",NA,NA,NA,NA,NA,NA,NA,43631,NA,-1.49287139342954,NA,NA,NA,NA,NA,NA,3895,""
2007,"SOUTHEAST",90,"WASHINGTON",167,124069,145,100,NA,"","","",NA,NA,NA,NA,NA,NA,NA,64401,NA,-0.774199801297448,NA,NA,NA,NA,NA,NA,24577,""
2007,"SOUTHWEST",70,"BUTLER",17,127194,134,38,NA,"","","",NA,NA,NA,NA,NA,NA,NA,81096,NA,-0.196529015036244,NA,NA,NA,NA,NA,NA,73250,""
2007,"SOUTHWEST",70,"CLERMONT",25,104691,117,37,NA,"","","",NA,NA,NA,NA,NA,NA,NA,67694,NA,-0.660257309583873,NA,NA,NA,NA,NA,NA,58392,""
2007,"SOUTHWEST",70,"CLINTON",27,218493,273,84,NA,"","","",NA,NA,NA,NA,NA,NA,NA,119509,NA,1.13261551402345,NA,NA,NA,NA,NA,NA,167577,""
2007,"SOUTHWEST",70,"GREENE",57,162533,209,35,NA,"","","",NA,NA,NA,NA,NA,NA,NA,100506,NA,0.475084639430961,NA,NA,NA,NA,NA,NA,117747,""
2007,"SOUTHWEST",70,"HAMILTON",61,21290,73,28,NA,"","","",NA,NA,NA,NA,NA,NA,NA,62046,NA,-0.855686156592156,NA,NA,NA,NA,NA,NA,7053,""
2007,"SOUTHWEST",70,"MONTGOMERY",113,111000,138,30,NA,"","","",NA,NA,NA,NA,NA,NA,NA,79936,NA,-0.23666666775041,NA,NA,NA,NA,NA,NA,76886,""
2007,"SOUTHWEST",70,"PREBLE",135,230616,195,61,NA,"","","",NA,NA,NA,NA,NA,NA,NA,91753,NA,0.172218368562777,NA,NA,NA,NA,NA,NA,174062,""
2007,"SOUTHWEST",70,"WARREN",165,94348,105,30,NA,"","","",NA,NA,NA,NA,NA,NA,NA,62901,NA,-0.826101938427835,NA,NA,NA,NA,NA,NA,53402,""
2007,"WEST CENTRAL",40,"AUGLAIZE",11,213296,201,85,NA,"","","",NA,NA,NA,NA,NA,NA,NA,115681,NA,1.00016126006671,NA,NA,NA,NA,NA,NA,157735,""
2007,"WEST CENTRAL",40,"CHAMPAIGN",21,204901,220,55,NA,"","","",NA,NA,NA,NA,NA,NA,NA,113332,NA,0.918882513320521,NA,NA,NA,NA,NA,NA,135805,""
2007,"WEST CENTRAL",40,"CLARK",23,177335,238,43,NA,"","","",NA,NA,NA,NA,NA,NA,NA,112592,NA,0.893277459002864,NA,NA,NA,NA,NA,NA,117782,""
2007,"WEST CENTRAL",40,"DARKE",37,350450,198,73,NA,"","","",NA,NA,NA,NA,NA,NA,NA,106475,NA,0.681620543785147,NA,NA,NA,NA,NA,NA,243098,""
2007,"WEST CENTRAL",40,"HARDIN",65,256822,303,95,NA,"","","",NA,NA,NA,NA,NA,NA,NA,132089,NA,1.56790143742363,NA,NA,NA,NA,NA,NA,172580,""
2007,"WEST CENTRAL",40,"LOGAN",91,201306,211,63,NA,"","","",NA,NA,NA,NA,NA,NA,NA,97977,NA,0.387577636229129,NA,NA,NA,NA,NA,NA,124105,""
2007,"WEST CENTRAL",40,"MERCER",107,293026,225,94,NA,"","","",NA,NA,NA,NA,NA,NA,NA,150044,NA,2.18917001887436,NA,NA,NA,NA,NA,NA,215775,""
2007,"WEST CENTRAL",40,"MIAMI",109,196943,188,40,NA,"","","",NA,NA,NA,NA,NA,NA,NA,93758,NA,0.241594225193728,NA,NA,NA,NA,NA,NA,136829,""
2007,"WEST CENTRAL",40,"SHELBY",149,217969,208,89,NA,"","","",NA,NA,NA,NA,NA,NA,NA,110152,NA,0.808849982604101,NA,NA,NA,NA,NA,NA,150801,""
2002,NA,NA,"DELAWARE",NA,NA,NA,NA,NA,NA,NA,NA,NA,NA,NA,NA,NA,NA,NA,NA,NA,NA,NA,NA,NA,NA,NA,NA,94370,""
2002,NA,NA,"FAIRFIELD",NA,NA,NA,NA,NA,NA,NA,NA,NA,NA,NA,NA,NA,NA,NA,NA,NA,NA,NA,NA,NA,NA,NA,NA,93578,""
2002,NA,NA,"FAYETTE",NA,NA,NA,NA,NA,NA,NA,NA,NA,NA,NA,NA,NA,NA,NA,NA,NA,NA,NA,NA,NA,NA,NA,NA,148002,""
2002,NA,NA,"FRANKLIN",NA,NA,NA,NA,NA,NA,NA,NA,NA,NA,NA,NA,NA,NA,NA,NA,NA,NA,NA,NA,NA,NA,NA,NA,40513,""
2002,NA,NA,"KNOX",NA,NA,NA,NA,NA,NA,NA,NA,NA,NA,NA,NA,NA,NA,NA,NA,NA,NA,NA,NA,NA,NA,NA,NA,74374,""
2002,NA,NA,"LICKING",NA,NA,NA,NA,NA,NA,NA,NA,NA,NA,NA,NA,NA,NA,NA,NA,NA,NA,NA,NA,NA,NA,NA,NA,105358,""
2002,NA,NA,"MADISON",NA,NA,NA,NA,NA,NA,NA,NA,NA,NA,NA,NA,NA,NA,NA,NA,NA,NA,NA,NA,NA,NA,NA,NA,191296,""
2002,NA,NA,"MARION",NA,NA,NA,NA,NA,NA,NA,NA,NA,NA,NA,NA,NA,NA,NA,NA,NA,NA,NA,NA,NA,NA,NA,NA,130978,""
2002,NA,NA,"MORROW",NA,NA,NA,NA,NA,NA,NA,NA,NA,NA,NA,NA,NA,NA,NA,NA,NA,NA,NA,NA,NA,NA,NA,NA,117054,""
2002,NA,NA,"PICKAWAY",NA,NA,NA,NA,NA,NA,NA,NA,NA,NA,NA,NA,NA,NA,NA,NA,NA,NA,NA,NA,NA,NA,NA,NA,180461,""
2002,NA,NA,"ROSS",NA,NA,NA,NA,NA,NA,NA,NA,NA,NA,NA,NA,NA,NA,NA,NA,NA,NA,NA,NA,NA,NA,NA,NA,120325,""
2002,NA,NA,"UNION",NA,NA,NA,NA,NA,NA,NA,NA,NA,NA,NA,NA,NA,NA,NA,NA,NA,NA,NA,NA,NA,NA,NA,NA,160400,""
2002,NA,NA,"BELMONT",NA,NA,NA,NA,NA,NA,NA,NA,NA,NA,NA,NA,NA,NA,NA,NA,NA,NA,NA,NA,NA,NA,NA,NA,12485,""
2002,NA,NA,"CARROLL",NA,NA,NA,NA,NA,NA,NA,NA,NA,NA,NA,NA,NA,NA,NA,NA,NA,NA,NA,NA,NA,NA,NA,NA,27222,""
2002,NA,NA,"COSHOCTON",NA,NA,NA,NA,NA,NA,NA,NA,NA,NA,NA,NA,NA,NA,NA,NA,NA,NA,NA,NA,NA,NA,NA,NA,50498,""
2002,NA,NA,"HARRISON",NA,NA,NA,NA,NA,NA,NA,NA,NA,NA,NA,NA,NA,NA,NA,NA,NA,NA,NA,NA,NA,NA,NA,NA,8437,""
2002,NA,NA,"HOLMES",NA,NA,NA,NA,NA,NA,NA,NA,NA,NA,NA,NA,NA,NA,NA,NA,NA,NA,NA,NA,NA,NA,NA,NA,67094,""
2002,NA,NA,"JEFFERSON",NA,NA,NA,NA,NA,NA,NA,NA,NA,NA,NA,NA,NA,NA,NA,NA,NA,NA,NA,NA,NA,NA,NA,NA,3876,""
2002,NA,NA,"TUSCARAWAS",NA,NA,NA,NA,NA,NA,NA,NA,NA,NA,NA,NA,NA,NA,NA,NA,NA,NA,NA,NA,NA,NA,NA,NA,45086,""
2002,NA,NA,"ASHLAND",NA,NA,NA,NA,NA,NA,NA,NA,NA,NA,NA,NA,NA,NA,NA,NA,NA,NA,NA,NA,NA,NA,NA,NA,88281,""
2002,NA,NA,"CRAWFORD",NA,NA,NA,NA,NA,NA,NA,NA,NA,NA,NA,NA,NA,NA,NA,NA,NA,NA,NA,NA,NA,NA,NA,NA,171335,""
2002,NA,NA,"ERIE",NA,NA,NA,NA,NA,NA,NA,NA,NA,NA,NA,NA,NA,NA,NA,NA,NA,NA,NA,NA,NA,NA,NA,NA,NA,""
2002,NA,NA,"HURON",NA,NA,NA,NA,NA,NA,NA,NA,NA,NA,NA,NA,NA,NA,NA,NA,NA,NA,NA,NA,NA,NA,NA,NA,126774,""
2002,NA,NA,"LORAIN",NA,NA,NA,NA,NA,NA,NA,NA,NA,NA,NA,NA,NA,NA,NA,NA,NA,NA,NA,NA,NA,NA,NA,NA,92881,""
2002,NA,NA,"OTTAWA",NA,NA,NA,NA,NA,NA,NA,NA,NA,NA,NA,NA,NA,NA,NA,NA,NA,NA,NA,NA,NA,NA,NA,NA,74625,""
2002,NA,NA,"RICHLAND",NA,NA,NA,NA,NA,NA,NA,NA,NA,NA,NA,NA,NA,NA,NA,NA,NA,NA,NA,NA,NA,NA,NA,NA,74829,""
2002,NA,NA,"SANDUSKY",NA,NA,NA,NA,NA,NA,NA,NA,NA,NA,NA,NA,NA,NA,NA,NA,NA,NA,NA,NA,NA,NA,NA,NA,134664,""
2002,NA,NA,"SENECA",NA,NA,NA,NA,NA,NA,NA,NA,NA,NA,NA,NA,NA,NA,NA,NA,NA,NA,NA,NA,NA,NA,NA,NA,179342,""
2002,NA,NA,"WYANDOT",NA,NA,NA,NA,NA,NA,NA,NA,NA,NA,NA,NA,NA,NA,NA,NA,NA,NA,NA,NA,NA,NA,NA,NA,122863,""
2002,NA,NA,"ASHTABULA",NA,NA,NA,NA,NA,NA,NA,NA,NA,NA,NA,NA,NA,NA,NA,NA,NA,NA,NA,NA,NA,NA,NA,NA,49718,""
2002,NA,NA,"COLUMBIANA",NA,NA,NA,NA,NA,NA,NA,NA,NA,NA,NA,NA,NA,NA,NA,NA,NA,NA,NA,NA,NA,NA,NA,NA,61788,""
2002,NA,NA,"CUYAHOGA",NA,NA,NA,NA,NA,NA,NA,NA,NA,NA,NA,NA,NA,NA,NA,NA,NA,NA,NA,NA,NA,NA,NA,NA,NA,""
2002,NA,NA,"GEAUGA",NA,NA,NA,NA,NA,NA,NA,NA,NA,NA,NA,NA,NA,NA,NA,NA,NA,NA,NA,NA,NA,NA,NA,NA,13791,""
2002,NA,NA,"LAKE",NA,NA,NA,NA,NA,NA,NA,NA,NA,NA,NA,NA,NA,NA,NA,NA,NA,NA,NA,NA,NA,NA,NA,NA,5021,""
2002,NA,NA,"MAHONING",NA,NA,NA,NA,NA,NA,NA,NA,NA,NA,NA,NA,NA,NA,NA,NA,NA,NA,NA,NA,NA,NA,NA,NA,36180,""
2002,NA,NA,"MEDINA",NA,NA,NA,NA,NA,NA,NA,NA,NA,NA,NA,NA,NA,NA,NA,NA,NA,NA,NA,NA,NA,NA,NA,NA,46841,""
2002,NA,NA,"PORTAGE",NA,NA,NA,NA,NA,NA,NA,NA,NA,NA,NA,NA,NA,NA,NA,NA,NA,NA,NA,NA,NA,NA,NA,NA,44716,""
2002,NA,NA,"STARK",NA,NA,NA,NA,NA,NA,NA,NA,NA,NA,NA,NA,NA,NA,NA,NA,NA,NA,NA,NA,NA,NA,NA,NA,76246,""
2002,NA,NA,"SUMMIT",NA,NA,NA,NA,NA,NA,NA,NA,NA,NA,NA,NA,NA,NA,NA,NA,NA,NA,NA,NA,NA,NA,NA,NA,3286,""
2002,NA,NA,"TRUMBULL",NA,NA,NA,NA,NA,NA,NA,NA,NA,NA,NA,NA,NA,NA,NA,NA,NA,NA,NA,NA,NA,NA,NA,NA,51543,""
2002,NA,NA,"WAYNE",NA,NA,NA,NA,NA,NA,NA,NA,NA,NA,NA,NA,NA,NA,NA,NA,NA,NA,NA,NA,NA,NA,NA,NA,138152,""
2002,NA,NA,"ALLEN",NA,NA,NA,NA,NA,NA,NA,NA,NA,NA,NA,NA,NA,NA,NA,NA,NA,NA,NA,NA,NA,NA,NA,NA,123798,""
2002,NA,NA,"DEFIANCE",NA,NA,NA,NA,NA,NA,NA,NA,NA,NA,NA,NA,NA,NA,NA,NA,NA,NA,NA,NA,NA,NA,NA,NA,109560,""
2002,NA,NA,"FULTON",NA,NA,NA,NA,NA,NA,NA,NA,NA,NA,NA,NA,NA,NA,NA,NA,NA,NA,NA,NA,NA,NA,NA,NA,137274,""
2002,NA,NA,"HANCOCK",NA,NA,NA,NA,NA,NA,NA,NA,NA,NA,NA,NA,NA,NA,NA,NA,NA,NA,NA,NA,NA,NA,NA,NA,170277,""
2002,NA,NA,"HENRY",NA,NA,NA,NA,NA,NA,NA,NA,NA,NA,NA,NA,NA,NA,NA,NA,NA,NA,NA,NA,NA,NA,NA,NA,192038,""
2002,NA,NA,"LUCAS",NA,NA,NA,NA,NA,NA,NA,NA,NA,NA,NA,NA,NA,NA,NA,NA,NA,NA,NA,NA,NA,NA,NA,NA,50006,""
2002,NA,NA,"PAULDING",NA,NA,NA,NA,NA,NA,NA,NA,NA,NA,NA,NA,NA,NA,NA,NA,NA,NA,NA,NA,NA,NA,NA,NA,140807,""
2002,NA,NA,"PUTNAM",NA,NA,NA,NA,NA,NA,NA,NA,NA,NA,NA,NA,NA,NA,NA,NA,NA,NA,NA,NA,NA,NA,NA,NA,214337,""
2002,NA,NA,"VAN WERT",NA,NA,NA,NA,NA,NA,NA,NA,NA,NA,NA,NA,NA,NA,NA,NA,NA,NA,NA,NA,NA,NA,NA,NA,168867,""
2002,NA,NA,"WILLIAMS",NA,NA,NA,NA,NA,NA,NA,NA,NA,NA,NA,NA,NA,NA,NA,NA,NA,NA,NA,NA,NA,NA,NA,NA,128566,""
2002,NA,NA,"WOOD",NA,NA,NA,NA,NA,NA,NA,NA,NA,NA,NA,NA,NA,NA,NA,NA,NA,NA,NA,NA,NA,NA,NA,NA,216063,""
2002,NA,NA,"ADAMS",NA,NA,NA,NA,NA,NA,NA,NA,NA,NA,NA,NA,NA,NA,NA,NA,NA,NA,NA,NA,NA,NA,NA,NA,39576,""
2002,NA,NA,"BROWN",NA,NA,NA,NA,NA,NA,NA,NA,NA,NA,NA,NA,NA,NA,NA,NA,NA,NA,NA,NA,NA,NA,NA,NA,109711,""
2002,NA,NA,"GALLIA",NA,NA,NA,NA,NA,NA,NA,NA,NA,NA,NA,NA,NA,NA,NA,NA,NA,NA,NA,NA,NA,NA,NA,NA,14610,""
2002,NA,NA,"HIGHLAND",NA,NA,NA,NA,NA,NA,NA,NA,NA,NA,NA,NA,NA,NA,NA,NA,NA,NA,NA,NA,NA,NA,NA,NA,122549,""
2002,NA,NA,"JACKSON",NA,NA,NA,NA,NA,NA,NA,NA,NA,NA,NA,NA,NA,NA,NA,NA,NA,NA,NA,NA,NA,NA,NA,NA,12737,""
2002,NA,NA,"LAWRENCE",NA,NA,NA,NA,NA,NA,NA,NA,NA,NA,NA,NA,NA,NA,NA,NA,NA,NA,NA,NA,NA,NA,NA,NA,5407,""
2002,NA,NA,"PIKE",NA,NA,NA,NA,NA,NA,NA,NA,NA,NA,NA,NA,NA,NA,NA,NA,NA,NA,NA,NA,NA,NA,NA,NA,18366,""
2002,NA,NA,"SCIOTO",NA,NA,NA,NA,NA,NA,NA,NA,NA,NA,NA,NA,NA,NA,NA,NA,NA,NA,NA,NA,NA,NA,NA,NA,35302,""
2002,NA,NA,"ATHENS",NA,NA,NA,NA,NA,NA,NA,NA,NA,NA,NA,NA,NA,NA,NA,NA,NA,NA,NA,NA,NA,NA,NA,NA,8230,""
2002,NA,NA,"GUERNSEY",NA,NA,NA,NA,NA,NA,NA,NA,NA,NA,NA,NA,NA,NA,NA,NA,NA,NA,NA,NA,NA,NA,NA,NA,12238,""
2002,NA,NA,"HOCKING",NA,NA,NA,NA,NA,NA,NA,NA,NA,NA,NA,NA,NA,NA,NA,NA,NA,NA,NA,NA,NA,NA,NA,NA,5693,""
2002,NA,NA,"MEIGS",NA,NA,NA,NA,NA,NA,NA,NA,NA,NA,NA,NA,NA,NA,NA,NA,NA,NA,NA,NA,NA,NA,NA,NA,15530,""
2002,NA,NA,"MONROE",NA,NA,NA,NA,NA,NA,NA,NA,NA,NA,NA,NA,NA,NA,NA,NA,NA,NA,NA,NA,NA,NA,NA,NA,10542,""
2002,NA,NA,"MORGAN",NA,NA,NA,NA,NA,NA,NA,NA,NA,NA,NA,NA,NA,NA,NA,NA,NA,NA,NA,NA,NA,NA,NA,NA,14944,""
2002,NA,NA,"MUSKINGUM",NA,NA,NA,NA,NA,NA,NA,NA,NA,NA,NA,NA,NA,NA,NA,NA,NA,NA,NA,NA,NA,NA,NA,NA,36392,""
2002,NA,NA,"NOBLE",NA,NA,NA,NA,NA,NA,NA,NA,NA,NA,NA,NA,NA,NA,NA,NA,NA,NA,NA,NA,NA,NA,NA,NA,8581,""
2002,NA,NA,"PERRY",NA,NA,NA,NA,NA,NA,NA,NA,NA,NA,NA,NA,NA,NA,NA,NA,NA,NA,NA,NA,NA,NA,NA,NA,33512,""
2002,NA,NA,"VINTON",NA,NA,NA,NA,NA,NA,NA,NA,NA,NA,NA,NA,NA,NA,NA,NA,NA,NA,NA,NA,NA,NA,NA,NA,3792,""
2002,NA,NA,"WASHINGTON",NA,NA,NA,NA,NA,NA,NA,NA,NA,NA,NA,NA,NA,NA,NA,NA,NA,NA,NA,NA,NA,NA,NA,NA,23428,""
2002,NA,NA,"BUTLER",NA,NA,NA,NA,NA,NA,NA,NA,NA,NA,NA,NA,NA,NA,NA,NA,NA,NA,NA,NA,NA,NA,NA,NA,56429,""
2002,NA,NA,"CLERMONT",NA,NA,NA,NA,NA,NA,NA,NA,NA,NA,NA,NA,NA,NA,NA,NA,NA,NA,NA,NA,NA,NA,NA,NA,57389,""
2002,NA,NA,"CLINTON",NA,NA,NA,NA,NA,NA,NA,NA,NA,NA,NA,NA,NA,NA,NA,NA,NA,NA,NA,NA,NA,NA,NA,NA,151894,""
2002,NA,NA,"GREENE",NA,NA,NA,NA,NA,NA,NA,NA,NA,NA,NA,NA,NA,NA,NA,NA,NA,NA,NA,NA,NA,NA,NA,NA,96997,""
2002,NA,NA,"HAMILTON",NA,NA,NA,NA,NA,NA,NA,NA,NA,NA,NA,NA,NA,NA,NA,NA,NA,NA,NA,NA,NA,NA,NA,NA,12175,""
2002,NA,NA,"MONTGOMERY",NA,NA,NA,NA,NA,NA,NA,NA,NA,NA,NA,NA,NA,NA,NA,NA,NA,NA,NA,NA,NA,NA,NA,NA,52644,""
2002,NA,NA,"PREBLE",NA,NA,NA,NA,NA,NA,NA,NA,NA,NA,NA,NA,NA,NA,NA,NA,NA,NA,NA,NA,NA,NA,NA,NA,134685,""
2002,NA,NA,"WARREN",NA,NA,NA,NA,NA,NA,NA,NA,NA,NA,NA,NA,NA,NA,NA,NA,NA,NA,NA,NA,NA,NA,NA,NA,50681,""
2002,NA,NA,"AUGLAIZE",NA,NA,NA,NA,NA,NA,NA,NA,NA,NA,NA,NA,NA,NA,NA,NA,NA,NA,NA,NA,NA,NA,NA,NA,147604,""
2002,NA,NA,"CHAMPAIGN",NA,NA,NA,NA,NA,NA,NA,NA,NA,NA,NA,NA,NA,NA,NA,NA,NA,NA,NA,NA,NA,NA,NA,NA,132993,""
2002,NA,NA,"CLARK",NA,NA,NA,NA,NA,NA,NA,NA,NA,NA,NA,NA,NA,NA,NA,NA,NA,NA,NA,NA,NA,NA,NA,NA,92863,""
2002,NA,NA,"DARKE",NA,NA,NA,NA,NA,NA,NA,NA,NA,NA,NA,NA,NA,NA,NA,NA,NA,NA,NA,NA,NA,NA,NA,NA,218186,""
2002,NA,NA,"HARDIN",NA,NA,NA,NA,NA,NA,NA,NA,NA,NA,NA,NA,NA,NA,NA,NA,NA,NA,NA,NA,NA,NA,NA,NA,148981,""
2002,NA,NA,"LOGAN",NA,NA,NA,NA,NA,NA,NA,NA,NA,NA,NA,NA,NA,NA,NA,NA,NA,NA,NA,NA,NA,NA,NA,NA,148839,""
2002,NA,NA,"MERCER",NA,NA,NA,NA,NA,NA,NA,NA,NA,NA,NA,NA,NA,NA,NA,NA,NA,NA,NA,NA,NA,NA,NA,NA,185154,""
2002,NA,NA,"MIAMI",NA,NA,NA,NA,NA,NA,NA,NA,NA,NA,NA,NA,NA,NA,NA,NA,NA,NA,NA,NA,NA,NA,NA,NA,94047,""
2002,NA,NA,"SHELBY",NA,NA,NA,NA,NA,NA,NA,NA,NA,NA,NA,NA,NA,NA,NA,NA,NA,NA,NA,NA,NA,NA,NA,NA,130720,""
